30	1	r812u15n03.milgram.ycrc.yale.edu	2025-06-08 10:28:54	2025-06-08 10:29:06	11.84	python -u /gpfs/milgram/project/turk-browne/users/elb77//task_dim/atlas_isc.py -i 30 -s U_08 -t movieTP -d hbn
26	1	r812u15n03.milgram.ycrc.yale.edu	2025-06-08 10:28:54	2025-06-08 10:29:06	11.89	python -u /gpfs/milgram/project/turk-browne/users/elb77//task_dim/atlas_isc.py -i 26 -s U_08 -t movieTP -d hbn
31	1	r812u15n03.milgram.ycrc.yale.edu	2025-06-08 10:28:54	2025-06-08 10:29:06	11.94	python -u /gpfs/milgram/project/turk-browne/users/elb77//task_dim/atlas_isc.py -i 31 -s U_08 -t movieTP -d hbn
24	1	r812u15n03.milgram.ycrc.yale.edu	2025-06-08 10:28:54	2025-06-08 10:29:06	11.90	python -u /gpfs/milgram/project/turk-browne/users/elb77//task_dim/atlas_isc.py -i 24 -s U_08 -t movieTP -d hbn
27	1	r812u15n03.milgram.ycrc.yale.edu	2025-06-08 10:28:54	2025-06-08 10:29:06	11.93	python -u /gpfs/milgram/project/turk-browne/users/elb77//task_dim/atlas_isc.py -i 27 -s U_08 -t movieTP -d hbn
25	1	r812u15n03.milgram.ycrc.yale.edu	2025-06-08 10:28:54	2025-06-08 10:29:06	12.05	python -u /gpfs/milgram/project/turk-browne/users/elb77//task_dim/atlas_isc.py -i 25 -s U_08 -t movieTP -d hbn
23	1	r812u15n03.milgram.ycrc.yale.edu	2025-06-08 10:28:54	2025-06-08 10:29:06	12.02	python -u /gpfs/milgram/project/turk-browne/users/elb77//task_dim/atlas_isc.py -i 23 -s U_08 -t movieTP -d hbn
28	1	r812u15n03.milgram.ycrc.yale.edu	2025-06-08 10:28:54	2025-06-08 10:29:06	12.06	python -u /gpfs/milgram/project/turk-browne/users/elb77//task_dim/atlas_isc.py -i 28 -s U_08 -t movieTP -d hbn
29	1	r812u15n03.milgram.ycrc.yale.edu	2025-06-08 10:28:54	2025-06-08 10:29:06	12.21	python -u /gpfs/milgram/project/turk-browne/users/elb77//task_dim/atlas_isc.py -i 29 -s U_08 -t movieTP -d hbn
40	1	r812u15n04.milgram.ycrc.yale.edu	2025-06-08 10:28:54	2025-06-08 10:29:08	13.61	python -u /gpfs/milgram/project/turk-browne/users/elb77//task_dim/atlas_isc.py -i 3 -s U_09 -t movieTP -d hbn
12	1	r812u15n01.milgram.ycrc.yale.edu	2025-06-08 10:28:54	2025-06-08 10:29:08	13.74	python -u /gpfs/milgram/project/turk-browne/users/elb77//task_dim/atlas_isc.py -i 12 -s U_08 -t movieTP -d hbn
13	1	r812u15n01.milgram.ycrc.yale.edu	2025-06-08 10:28:54	2025-06-08 10:29:08	13.77	python -u /gpfs/milgram/project/turk-browne/users/elb77//task_dim/atlas_isc.py -i 13 -s U_08 -t movieTP -d hbn
39	1	r812u15n04.milgram.ycrc.yale.edu	2025-06-08 10:28:54	2025-06-08 10:29:08	13.86	python -u /gpfs/milgram/project/turk-browne/users/elb77//task_dim/atlas_isc.py -i 2 -s U_09 -t movieTP -d hbn
34	1	r812u15n04.milgram.ycrc.yale.edu	2025-06-08 10:28:54	2025-06-08 10:29:08	13.90	python -u /gpfs/milgram/project/turk-browne/users/elb77//task_dim/atlas_isc.py -i 34 -s U_08 -t movieTP -d hbn
6	1	r812u15n01.milgram.ycrc.yale.edu	2025-06-08 10:28:54	2025-06-08 10:29:08	13.92	python -u /gpfs/milgram/project/turk-browne/users/elb77//task_dim/atlas_isc.py -i 6 -s U_08 -t movieTP -d hbn
10	1	r812u15n01.milgram.ycrc.yale.edu	2025-06-08 10:28:54	2025-06-08 10:29:08	13.93	python -u /gpfs/milgram/project/turk-browne/users/elb77//task_dim/atlas_isc.py -i 10 -s U_08 -t movieTP -d hbn
7	1	r812u15n01.milgram.ycrc.yale.edu	2025-06-08 10:28:54	2025-06-08 10:29:08	13.94	python -u /gpfs/milgram/project/turk-browne/users/elb77//task_dim/atlas_isc.py -i 7 -s U_08 -t movieTP -d hbn
5	1	r812u15n01.milgram.ycrc.yale.edu	2025-06-08 10:28:54	2025-06-08 10:29:08	13.97	python -u /gpfs/milgram/project/turk-browne/users/elb77//task_dim/atlas_isc.py -i 5 -s U_08 -t movieTP -d hbn
8	1	r812u15n01.milgram.ycrc.yale.edu	2025-06-08 10:28:54	2025-06-08 10:29:08	14.00	python -u /gpfs/milgram/project/turk-browne/users/elb77//task_dim/atlas_isc.py -i 8 -s U_08 -t movieTP -d hbn
11	1	r812u15n01.milgram.ycrc.yale.edu	2025-06-08 10:28:54	2025-06-08 10:29:08	14.00	python -u /gpfs/milgram/project/turk-browne/users/elb77//task_dim/atlas_isc.py -i 11 -s U_08 -t movieTP -d hbn
38	1	r812u15n04.milgram.ycrc.yale.edu	2025-06-08 10:28:54	2025-06-08 10:29:08	14.06	python -u /gpfs/milgram/project/turk-browne/users/elb77//task_dim/atlas_isc.py -i 1 -s U_09 -t movieTP -d hbn
32	1	r812u15n04.milgram.ycrc.yale.edu	2025-06-08 10:28:54	2025-06-08 10:29:08	14.07	python -u /gpfs/milgram/project/turk-browne/users/elb77//task_dim/atlas_isc.py -i 32 -s U_08 -t movieTP -d hbn
36	1	r812u15n04.milgram.ycrc.yale.edu	2025-06-08 10:28:54	2025-06-08 10:29:08	14.08	python -u /gpfs/milgram/project/turk-browne/users/elb77//task_dim/atlas_isc.py -i 36 -s U_08 -t movieTP -d hbn
37	1	r812u15n04.milgram.ycrc.yale.edu	2025-06-08 10:28:54	2025-06-08 10:29:08	14.09	python -u /gpfs/milgram/project/turk-browne/users/elb77//task_dim/atlas_isc.py -i 0 -s U_09 -t movieTP -d hbn
35	1	r812u15n04.milgram.ycrc.yale.edu	2025-06-08 10:28:54	2025-06-08 10:29:08	14.09	python -u /gpfs/milgram/project/turk-browne/users/elb77//task_dim/atlas_isc.py -i 35 -s U_08 -t movieTP -d hbn
33	1	r812u15n04.milgram.ycrc.yale.edu	2025-06-08 10:28:54	2025-06-08 10:29:08	14.14	python -u /gpfs/milgram/project/turk-browne/users/elb77//task_dim/atlas_isc.py -i 33 -s U_08 -t movieTP -d hbn
9	1	r812u15n01.milgram.ycrc.yale.edu	2025-06-08 10:28:54	2025-06-08 10:29:08	14.10	python -u /gpfs/milgram/project/turk-browne/users/elb77//task_dim/atlas_isc.py -i 9 -s U_08 -t movieTP -d hbn
21	1	r812u15n02.milgram.ycrc.yale.edu	2025-06-08 10:28:54	2025-06-08 10:29:10	16.30	python -u /gpfs/milgram/project/turk-browne/users/elb77//task_dim/atlas_isc.py -i 21 -s U_08 -t movieTP -d hbn
17	1	r812u15n02.milgram.ycrc.yale.edu	2025-06-08 10:28:54	2025-06-08 10:29:10	16.31	python -u /gpfs/milgram/project/turk-browne/users/elb77//task_dim/atlas_isc.py -i 17 -s U_08 -t movieTP -d hbn
22	1	r812u15n02.milgram.ycrc.yale.edu	2025-06-08 10:28:54	2025-06-08 10:29:10	16.32	python -u /gpfs/milgram/project/turk-browne/users/elb77//task_dim/atlas_isc.py -i 22 -s U_08 -t movieTP -d hbn
15	1	r812u15n02.milgram.ycrc.yale.edu	2025-06-08 10:28:54	2025-06-08 10:29:10	16.35	python -u /gpfs/milgram/project/turk-browne/users/elb77//task_dim/atlas_isc.py -i 15 -s U_08 -t movieTP -d hbn
16	1	r812u15n02.milgram.ycrc.yale.edu	2025-06-08 10:28:54	2025-06-08 10:29:11	16.43	python -u /gpfs/milgram/project/turk-browne/users/elb77//task_dim/atlas_isc.py -i 16 -s U_08 -t movieTP -d hbn
18	1	r812u15n02.milgram.ycrc.yale.edu	2025-06-08 10:28:54	2025-06-08 10:29:11	16.44	python -u /gpfs/milgram/project/turk-browne/users/elb77//task_dim/atlas_isc.py -i 18 -s U_08 -t movieTP -d hbn
20	1	r812u15n02.milgram.ycrc.yale.edu	2025-06-08 10:28:54	2025-06-08 10:29:11	16.44	python -u /gpfs/milgram/project/turk-browne/users/elb77//task_dim/atlas_isc.py -i 20 -s U_08 -t movieTP -d hbn
14	1	r812u15n02.milgram.ycrc.yale.edu	2025-06-08 10:28:54	2025-06-08 10:29:11	16.51	python -u /gpfs/milgram/project/turk-browne/users/elb77//task_dim/atlas_isc.py -i 14 -s U_08 -t movieTP -d hbn
19	1	r812u15n02.milgram.ycrc.yale.edu	2025-06-08 10:28:54	2025-06-08 10:29:11	16.51	python -u /gpfs/milgram/project/turk-browne/users/elb77//task_dim/atlas_isc.py -i 19 -s U_08 -t movieTP -d hbn
0	1	r811u15n04.milgram.ycrc.yale.edu	2025-06-08 10:28:54	2025-06-08 10:29:20	25.88	python -u /gpfs/milgram/project/turk-browne/users/elb77//task_dim/atlas_isc.py -i 0 -s U_08 -t movieTP -d hbn
1	1	r811u17n03.milgram.ycrc.yale.edu	2025-06-08 10:28:56	2025-06-08 10:29:20	24.11	python -u /gpfs/milgram/project/turk-browne/users/elb77//task_dim/atlas_isc.py -i 1 -s U_08 -t movieTP -d hbn
3	1	r811u17n03.milgram.ycrc.yale.edu	2025-06-08 10:28:56	2025-06-08 10:29:20	24.11	python -u /gpfs/milgram/project/turk-browne/users/elb77//task_dim/atlas_isc.py -i 3 -s U_08 -t movieTP -d hbn
2	1	r811u17n03.milgram.ycrc.yale.edu	2025-06-08 10:28:56	2025-06-08 10:29:20	24.11	python -u /gpfs/milgram/project/turk-browne/users/elb77//task_dim/atlas_isc.py -i 2 -s U_08 -t movieTP -d hbn
4	1	r811u17n03.milgram.ycrc.yale.edu	2025-06-08 10:28:56	2025-06-08 10:29:20	24.25	python -u /gpfs/milgram/project/turk-browne/users/elb77//task_dim/atlas_isc.py -i 4 -s U_08 -t movieTP -d hbn
44	1	r812u15n03.milgram.ycrc.yale.edu	2025-06-08 10:29:11	2025-06-08 10:29:23	11.32	python -u /gpfs/milgram/project/turk-browne/users/elb77//task_dim/atlas_isc.py -i 7 -s U_09 -t movieTP -d hbn
41	1	r812u15n03.milgram.ycrc.yale.edu	2025-06-08 10:29:11	2025-06-08 10:29:23	11.39	python -u /gpfs/milgram/project/turk-browne/users/elb77//task_dim/atlas_isc.py -i 4 -s U_09 -t movieTP -d hbn
45	1	r812u15n03.milgram.ycrc.yale.edu	2025-06-08 10:29:11	2025-06-08 10:29:23	11.44	python -u /gpfs/milgram/project/turk-browne/users/elb77//task_dim/atlas_isc.py -i 8 -s U_09 -t movieTP -d hbn
47	1	r812u15n03.milgram.ycrc.yale.edu	2025-06-08 10:29:11	2025-06-08 10:29:23	11.36	python -u /gpfs/milgram/project/turk-browne/users/elb77//task_dim/atlas_isc.py -i 10 -s U_09 -t movieTP -d hbn
46	1	r812u15n03.milgram.ycrc.yale.edu	2025-06-08 10:29:11	2025-06-08 10:29:23	11.35	python -u /gpfs/milgram/project/turk-browne/users/elb77//task_dim/atlas_isc.py -i 9 -s U_09 -t movieTP -d hbn
48	1	r812u15n03.milgram.ycrc.yale.edu	2025-06-08 10:29:11	2025-06-08 10:29:23	11.43	python -u /gpfs/milgram/project/turk-browne/users/elb77//task_dim/atlas_isc.py -i 11 -s U_09 -t movieTP -d hbn
42	1	r812u15n03.milgram.ycrc.yale.edu	2025-06-08 10:29:11	2025-06-08 10:29:23	11.44	python -u /gpfs/milgram/project/turk-browne/users/elb77//task_dim/atlas_isc.py -i 5 -s U_09 -t movieTP -d hbn
49	1	r812u15n03.milgram.ycrc.yale.edu	2025-06-08 10:29:11	2025-06-08 10:29:23	11.51	python -u /gpfs/milgram/project/turk-browne/users/elb77//task_dim/atlas_isc.py -i 12 -s U_09 -t movieTP -d hbn
43	1	r812u15n03.milgram.ycrc.yale.edu	2025-06-08 10:29:11	2025-06-08 10:29:23	11.55	python -u /gpfs/milgram/project/turk-browne/users/elb77//task_dim/atlas_isc.py -i 6 -s U_09 -t movieTP -d hbn
50	1	r812u15n04.milgram.ycrc.yale.edu	2025-06-08 10:29:13	2025-06-08 10:29:23	10.09	python -u /gpfs/milgram/project/turk-browne/users/elb77//task_dim/atlas_isc.py -i 13 -s U_09 -t movieTP -d hbn
62	1	r812u15n04.milgram.ycrc.yale.edu	2025-06-08 10:29:14	2025-06-08 10:29:24	10.02	python -u /gpfs/milgram/project/turk-browne/users/elb77//task_dim/atlas_isc.py -i 25 -s U_09 -t movieTP -d hbn
60	1	r812u15n04.milgram.ycrc.yale.edu	2025-06-08 10:29:14	2025-06-08 10:29:24	10.21	python -u /gpfs/milgram/project/turk-browne/users/elb77//task_dim/atlas_isc.py -i 23 -s U_09 -t movieTP -d hbn
63	1	r812u15n04.milgram.ycrc.yale.edu	2025-06-08 10:29:14	2025-06-08 10:29:24	10.19	python -u /gpfs/milgram/project/turk-browne/users/elb77//task_dim/atlas_isc.py -i 26 -s U_09 -t movieTP -d hbn
61	1	r812u15n04.milgram.ycrc.yale.edu	2025-06-08 10:29:14	2025-06-08 10:29:24	10.23	python -u /gpfs/milgram/project/turk-browne/users/elb77//task_dim/atlas_isc.py -i 24 -s U_09 -t movieTP -d hbn
66	1	r812u15n04.milgram.ycrc.yale.edu	2025-06-08 10:29:14	2025-06-08 10:29:24	10.26	python -u /gpfs/milgram/project/turk-browne/users/elb77//task_dim/atlas_isc.py -i 29 -s U_09 -t movieTP -d hbn
64	1	r812u15n04.milgram.ycrc.yale.edu	2025-06-08 10:29:14	2025-06-08 10:29:24	10.31	python -u /gpfs/milgram/project/turk-browne/users/elb77//task_dim/atlas_isc.py -i 27 -s U_09 -t movieTP -d hbn
65	1	r812u15n04.milgram.ycrc.yale.edu	2025-06-08 10:29:14	2025-06-08 10:29:24	10.41	python -u /gpfs/milgram/project/turk-browne/users/elb77//task_dim/atlas_isc.py -i 28 -s U_09 -t movieTP -d hbn
53	1	r812u15n01.milgram.ycrc.yale.edu	2025-06-08 10:29:14	2025-06-08 10:29:24	10.49	python -u /gpfs/milgram/project/turk-browne/users/elb77//task_dim/atlas_isc.py -i 16 -s U_09 -t movieTP -d hbn
67	1	r812u15n04.milgram.ycrc.yale.edu	2025-06-08 10:29:14	2025-06-08 10:29:24	10.46	python -u /gpfs/milgram/project/turk-browne/users/elb77//task_dim/atlas_isc.py -i 30 -s U_09 -t movieTP -d hbn
55	1	r812u15n01.milgram.ycrc.yale.edu	2025-06-08 10:29:14	2025-06-08 10:29:24	10.56	python -u /gpfs/milgram/project/turk-browne/users/elb77//task_dim/atlas_isc.py -i 18 -s U_09 -t movieTP -d hbn
51	1	r812u15n01.milgram.ycrc.yale.edu	2025-06-08 10:29:14	2025-06-08 10:29:24	10.58	python -u /gpfs/milgram/project/turk-browne/users/elb77//task_dim/atlas_isc.py -i 14 -s U_09 -t movieTP -d hbn
52	1	r812u15n01.milgram.ycrc.yale.edu	2025-06-08 10:29:14	2025-06-08 10:29:24	10.64	python -u /gpfs/milgram/project/turk-browne/users/elb77//task_dim/atlas_isc.py -i 15 -s U_09 -t movieTP -d hbn
58	1	r812u15n01.milgram.ycrc.yale.edu	2025-06-08 10:29:14	2025-06-08 10:29:24	10.66	python -u /gpfs/milgram/project/turk-browne/users/elb77//task_dim/atlas_isc.py -i 21 -s U_09 -t movieTP -d hbn
59	1	r812u15n01.milgram.ycrc.yale.edu	2025-06-08 10:29:14	2025-06-08 10:29:24	10.73	python -u /gpfs/milgram/project/turk-browne/users/elb77//task_dim/atlas_isc.py -i 22 -s U_09 -t movieTP -d hbn
54	1	r812u15n01.milgram.ycrc.yale.edu	2025-06-08 10:29:13	2025-06-08 10:29:24	10.76	python -u /gpfs/milgram/project/turk-browne/users/elb77//task_dim/atlas_isc.py -i 17 -s U_09 -t movieTP -d hbn
56	1	r812u15n01.milgram.ycrc.yale.edu	2025-06-08 10:29:14	2025-06-08 10:29:24	10.71	python -u /gpfs/milgram/project/turk-browne/users/elb77//task_dim/atlas_isc.py -i 19 -s U_09 -t movieTP -d hbn
57	1	r812u15n01.milgram.ycrc.yale.edu	2025-06-08 10:29:14	2025-06-08 10:29:24	10.75	python -u /gpfs/milgram/project/turk-browne/users/elb77//task_dim/atlas_isc.py -i 20 -s U_09 -t movieTP -d hbn
71	1	r812u15n02.milgram.ycrc.yale.edu	2025-06-08 10:29:16	2025-06-08 10:29:27	11.28	python -u /gpfs/milgram/project/turk-browne/users/elb77//task_dim/atlas_isc.py -i 2 -s U_10 -t movieTP -d hbn
73	1	r812u15n02.milgram.ycrc.yale.edu	2025-06-08 10:29:16	2025-06-08 10:29:27	11.30	python -u /gpfs/milgram/project/turk-browne/users/elb77//task_dim/atlas_isc.py -i 4 -s U_10 -t movieTP -d hbn
76	1	r812u15n02.milgram.ycrc.yale.edu	2025-06-08 10:29:16	2025-06-08 10:29:27	11.29	python -u /gpfs/milgram/project/turk-browne/users/elb77//task_dim/atlas_isc.py -i 7 -s U_10 -t movieTP -d hbn
68	1	r812u15n02.milgram.ycrc.yale.edu	2025-06-08 10:29:16	2025-06-08 10:29:27	11.26	python -u /gpfs/milgram/project/turk-browne/users/elb77//task_dim/atlas_isc.py -i 31 -s U_09 -t movieTP -d hbn
75	1	r812u15n02.milgram.ycrc.yale.edu	2025-06-08 10:29:16	2025-06-08 10:29:27	11.36	python -u /gpfs/milgram/project/turk-browne/users/elb77//task_dim/atlas_isc.py -i 6 -s U_10 -t movieTP -d hbn
72	1	r812u15n02.milgram.ycrc.yale.edu	2025-06-08 10:29:16	2025-06-08 10:29:27	11.36	python -u /gpfs/milgram/project/turk-browne/users/elb77//task_dim/atlas_isc.py -i 3 -s U_10 -t movieTP -d hbn
70	1	r812u15n02.milgram.ycrc.yale.edu	2025-06-08 10:29:16	2025-06-08 10:29:27	11.36	python -u /gpfs/milgram/project/turk-browne/users/elb77//task_dim/atlas_isc.py -i 1 -s U_10 -t movieTP -d hbn
74	1	r812u15n02.milgram.ycrc.yale.edu	2025-06-08 10:29:16	2025-06-08 10:29:27	11.37	python -u /gpfs/milgram/project/turk-browne/users/elb77//task_dim/atlas_isc.py -i 5 -s U_10 -t movieTP -d hbn
69	1	r812u15n02.milgram.ycrc.yale.edu	2025-06-08 10:29:16	2025-06-08 10:29:27	11.41	python -u /gpfs/milgram/project/turk-browne/users/elb77//task_dim/atlas_isc.py -i 0 -s U_10 -t movieTP -d hbn
77	1	r811u15n04.milgram.ycrc.yale.edu	2025-06-08 10:29:25	2025-06-08 10:29:34	9.14	python -u /gpfs/milgram/project/turk-browne/users/elb77//task_dim/atlas_isc.py -i 8 -s U_10 -t movieTP -d hbn
78	1	r811u17n03.milgram.ycrc.yale.edu	2025-06-08 10:29:26	2025-06-08 10:29:35	9.12	python -u /gpfs/milgram/project/turk-browne/users/elb77//task_dim/atlas_isc.py -i 9 -s U_10 -t movieTP -d hbn
79	1	r811u17n03.milgram.ycrc.yale.edu	2025-06-08 10:29:26	2025-06-08 10:29:35	9.15	python -u /gpfs/milgram/project/turk-browne/users/elb77//task_dim/atlas_isc.py -i 10 -s U_10 -t movieTP -d hbn
80	1	r811u17n03.milgram.ycrc.yale.edu	2025-06-08 10:29:26	2025-06-08 10:29:35	9.23	python -u /gpfs/milgram/project/turk-browne/users/elb77//task_dim/atlas_isc.py -i 11 -s U_10 -t movieTP -d hbn
81	1	r811u17n03.milgram.ycrc.yale.edu	2025-06-08 10:29:26	2025-06-08 10:29:35	9.28	python -u /gpfs/milgram/project/turk-browne/users/elb77//task_dim/atlas_isc.py -i 12 -s U_10 -t movieTP -d hbn
85	1	r812u15n03.milgram.ycrc.yale.edu	2025-06-08 10:29:28	2025-06-08 10:29:38	9.84	python -u /gpfs/milgram/project/turk-browne/users/elb77//task_dim/atlas_isc.py -i 16 -s U_10 -t movieTP -d hbn
84	1	r812u15n03.milgram.ycrc.yale.edu	2025-06-08 10:29:28	2025-06-08 10:29:38	10.14	python -u /gpfs/milgram/project/turk-browne/users/elb77//task_dim/atlas_isc.py -i 15 -s U_10 -t movieTP -d hbn
82	1	r812u15n03.milgram.ycrc.yale.edu	2025-06-08 10:29:28	2025-06-08 10:29:39	10.28	python -u /gpfs/milgram/project/turk-browne/users/elb77//task_dim/atlas_isc.py -i 13 -s U_10 -t movieTP -d hbn
83	1	r812u15n03.milgram.ycrc.yale.edu	2025-06-08 10:29:28	2025-06-08 10:29:39	10.42	python -u /gpfs/milgram/project/turk-browne/users/elb77//task_dim/atlas_isc.py -i 14 -s U_10 -t movieTP -d hbn
90	1	r812u15n03.milgram.ycrc.yale.edu	2025-06-08 10:29:28	2025-06-08 10:29:39	10.42	python -u /gpfs/milgram/project/turk-browne/users/elb77//task_dim/atlas_isc.py -i 21 -s U_10 -t movieTP -d hbn
86	1	r812u15n03.milgram.ycrc.yale.edu	2025-06-08 10:29:28	2025-06-08 10:29:39	10.40	python -u /gpfs/milgram/project/turk-browne/users/elb77//task_dim/atlas_isc.py -i 17 -s U_10 -t movieTP -d hbn
87	1	r812u15n03.milgram.ycrc.yale.edu	2025-06-08 10:29:28	2025-06-08 10:29:39	10.43	python -u /gpfs/milgram/project/turk-browne/users/elb77//task_dim/atlas_isc.py -i 18 -s U_10 -t movieTP -d hbn
89	1	r812u15n03.milgram.ycrc.yale.edu	2025-06-08 10:29:28	2025-06-08 10:29:39	10.51	python -u /gpfs/milgram/project/turk-browne/users/elb77//task_dim/atlas_isc.py -i 20 -s U_10 -t movieTP -d hbn
88	1	r812u15n03.milgram.ycrc.yale.edu	2025-06-08 10:29:28	2025-06-08 10:29:39	10.55	python -u /gpfs/milgram/project/turk-browne/users/elb77//task_dim/atlas_isc.py -i 19 -s U_10 -t movieTP -d hbn
95	1	r812u15n04.milgram.ycrc.yale.edu	2025-06-08 10:29:29	2025-06-08 10:29:40	10.23	python -u /gpfs/milgram/project/turk-browne/users/elb77//task_dim/atlas_isc.py -i 26 -s U_10 -t movieTP -d hbn
96	1	r812u15n04.milgram.ycrc.yale.edu	2025-06-08 10:29:29	2025-06-08 10:29:40	10.24	python -u /gpfs/milgram/project/turk-browne/users/elb77//task_dim/atlas_isc.py -i 27 -s U_10 -t movieTP -d hbn
92	1	r812u15n04.milgram.ycrc.yale.edu	2025-06-08 10:29:29	2025-06-08 10:29:40	10.30	python -u /gpfs/milgram/project/turk-browne/users/elb77//task_dim/atlas_isc.py -i 23 -s U_10 -t movieTP -d hbn
97	1	r812u15n04.milgram.ycrc.yale.edu	2025-06-08 10:29:29	2025-06-08 10:29:40	10.29	python -u /gpfs/milgram/project/turk-browne/users/elb77//task_dim/atlas_isc.py -i 28 -s U_10 -t movieTP -d hbn
93	1	r812u15n04.milgram.ycrc.yale.edu	2025-06-08 10:29:29	2025-06-08 10:29:40	10.26	python -u /gpfs/milgram/project/turk-browne/users/elb77//task_dim/atlas_isc.py -i 24 -s U_10 -t movieTP -d hbn
98	1	r812u15n04.milgram.ycrc.yale.edu	2025-06-08 10:29:29	2025-06-08 10:29:40	10.38	python -u /gpfs/milgram/project/turk-browne/users/elb77//task_dim/atlas_isc.py -i 29 -s U_10 -t movieTP -d hbn
94	1	r812u15n04.milgram.ycrc.yale.edu	2025-06-08 10:29:29	2025-06-08 10:29:40	10.42	python -u /gpfs/milgram/project/turk-browne/users/elb77//task_dim/atlas_isc.py -i 25 -s U_10 -t movieTP -d hbn
99	1	r812u15n04.milgram.ycrc.yale.edu	2025-06-08 10:29:29	2025-06-08 10:29:40	10.48	python -u /gpfs/milgram/project/turk-browne/users/elb77//task_dim/atlas_isc.py -i 30 -s U_10 -t movieTP -d hbn
91	1	r812u15n04.milgram.ycrc.yale.edu	2025-06-08 10:29:29	2025-06-08 10:29:40	10.51	python -u /gpfs/milgram/project/turk-browne/users/elb77//task_dim/atlas_isc.py -i 22 -s U_10 -t movieTP -d hbn
101	1	r812u15n01.milgram.ycrc.yale.edu	2025-06-08 10:29:30	2025-06-08 10:29:40	10.80	python -u /gpfs/milgram/project/turk-browne/users/elb77//task_dim/atlas_isc.py -i 32 -s U_10 -t movieTP -d hbn
103	1	r812u15n01.milgram.ycrc.yale.edu	2025-06-08 10:29:30	2025-06-08 10:29:40	10.86	python -u /gpfs/milgram/project/turk-browne/users/elb77//task_dim/atlas_isc.py -i 34 -s U_10 -t movieTP -d hbn
100	1	r812u15n01.milgram.ycrc.yale.edu	2025-06-08 10:29:30	2025-06-08 10:29:40	10.79	python -u /gpfs/milgram/project/turk-browne/users/elb77//task_dim/atlas_isc.py -i 31 -s U_10 -t movieTP -d hbn
105	1	r812u15n01.milgram.ycrc.yale.edu	2025-06-08 10:29:30	2025-06-08 10:29:40	10.85	python -u /gpfs/milgram/project/turk-browne/users/elb77//task_dim/atlas_isc.py -i 36 -s U_10 -t movieTP -d hbn
104	1	r812u15n01.milgram.ycrc.yale.edu	2025-06-08 10:29:30	2025-06-08 10:29:40	10.84	python -u /gpfs/milgram/project/turk-browne/users/elb77//task_dim/atlas_isc.py -i 35 -s U_10 -t movieTP -d hbn
102	1	r812u15n01.milgram.ycrc.yale.edu	2025-06-08 10:29:30	2025-06-08 10:29:40	10.93	python -u /gpfs/milgram/project/turk-browne/users/elb77//task_dim/atlas_isc.py -i 33 -s U_10 -t movieTP -d hbn
108	1	r812u15n01.milgram.ycrc.yale.edu	2025-06-08 10:29:30	2025-06-08 10:29:41	10.97	python -u /gpfs/milgram/project/turk-browne/users/elb77//task_dim/atlas_isc.py -i 39 -s U_10 -t movieTP -d hbn
107	1	r812u15n01.milgram.ycrc.yale.edu	2025-06-08 10:29:30	2025-06-08 10:29:41	10.99	python -u /gpfs/milgram/project/turk-browne/users/elb77//task_dim/atlas_isc.py -i 38 -s U_10 -t movieTP -d hbn
106	1	r812u15n01.milgram.ycrc.yale.edu	2025-06-08 10:29:30	2025-06-08 10:29:41	11.01	python -u /gpfs/milgram/project/turk-browne/users/elb77//task_dim/atlas_isc.py -i 37 -s U_10 -t movieTP -d hbn
117	1	r812u15n02.milgram.ycrc.yale.edu	2025-06-08 10:29:33	2025-06-08 10:29:43	9.91	python -u /gpfs/milgram/project/turk-browne/users/elb77//task_dim/atlas_isc.py -i 0 -s U_11 -t movieTP -d hbn
115	1	r812u15n02.milgram.ycrc.yale.edu	2025-06-08 10:29:33	2025-06-08 10:29:43	10.32	python -u /gpfs/milgram/project/turk-browne/users/elb77//task_dim/atlas_isc.py -i 46 -s U_10 -t movieTP -d hbn
113	1	r812u15n02.milgram.ycrc.yale.edu	2025-06-08 10:29:33	2025-06-08 10:29:43	10.32	python -u /gpfs/milgram/project/turk-browne/users/elb77//task_dim/atlas_isc.py -i 44 -s U_10 -t movieTP -d hbn
112	1	r812u15n02.milgram.ycrc.yale.edu	2025-06-08 10:29:33	2025-06-08 10:29:43	10.39	python -u /gpfs/milgram/project/turk-browne/users/elb77//task_dim/atlas_isc.py -i 43 -s U_10 -t movieTP -d hbn
111	1	r812u15n02.milgram.ycrc.yale.edu	2025-06-08 10:29:33	2025-06-08 10:29:43	10.33	python -u /gpfs/milgram/project/turk-browne/users/elb77//task_dim/atlas_isc.py -i 42 -s U_10 -t movieTP -d hbn
109	1	r812u15n02.milgram.ycrc.yale.edu	2025-06-08 10:29:33	2025-06-08 10:29:43	10.35	python -u /gpfs/milgram/project/turk-browne/users/elb77//task_dim/atlas_isc.py -i 40 -s U_10 -t movieTP -d hbn
116	1	r812u15n02.milgram.ycrc.yale.edu	2025-06-08 10:29:33	2025-06-08 10:29:43	10.42	python -u /gpfs/milgram/project/turk-browne/users/elb77//task_dim/atlas_isc.py -i 47 -s U_10 -t movieTP -d hbn
114	1	r812u15n02.milgram.ycrc.yale.edu	2025-06-08 10:29:33	2025-06-08 10:29:43	10.62	python -u /gpfs/milgram/project/turk-browne/users/elb77//task_dim/atlas_isc.py -i 45 -s U_10 -t movieTP -d hbn
110	1	r812u15n02.milgram.ycrc.yale.edu	2025-06-08 10:29:33	2025-06-08 10:29:43	10.61	python -u /gpfs/milgram/project/turk-browne/users/elb77//task_dim/atlas_isc.py -i 41 -s U_10 -t movieTP -d hbn
118	1	r811u15n04.milgram.ycrc.yale.edu	2025-06-08 10:29:39	2025-06-08 10:29:48	9.04	python -u /gpfs/milgram/project/turk-browne/users/elb77//task_dim/atlas_isc.py -i 1 -s U_11 -t movieTP -d hbn
119	1	r811u17n03.milgram.ycrc.yale.edu	2025-06-08 10:29:40	2025-06-08 10:29:49	9.00	python -u /gpfs/milgram/project/turk-browne/users/elb77//task_dim/atlas_isc.py -i 2 -s U_11 -t movieTP -d hbn
120	1	r811u17n03.milgram.ycrc.yale.edu	2025-06-08 10:29:40	2025-06-08 10:29:49	9.05	python -u /gpfs/milgram/project/turk-browne/users/elb77//task_dim/atlas_isc.py -i 3 -s U_11 -t movieTP -d hbn
121	1	r811u17n03.milgram.ycrc.yale.edu	2025-06-08 10:29:40	2025-06-08 10:29:50	9.17	python -u /gpfs/milgram/project/turk-browne/users/elb77//task_dim/atlas_isc.py -i 4 -s U_11 -t movieTP -d hbn
122	1	r811u17n03.milgram.ycrc.yale.edu	2025-06-08 10:29:40	2025-06-08 10:29:50	9.31	python -u /gpfs/milgram/project/turk-browne/users/elb77//task_dim/atlas_isc.py -i 5 -s U_11 -t movieTP -d hbn
125	1	r812u15n03.milgram.ycrc.yale.edu	2025-06-08 10:29:44	2025-06-08 10:29:55	10.87	python -u /gpfs/milgram/project/turk-browne/users/elb77//task_dim/atlas_isc.py -i 8 -s U_11 -t movieTP -d hbn
128	1	r812u15n03.milgram.ycrc.yale.edu	2025-06-08 10:29:44	2025-06-08 10:29:55	10.50	python -u /gpfs/milgram/project/turk-browne/users/elb77//task_dim/atlas_isc.py -i 11 -s U_11 -t movieTP -d hbn
124	1	r812u15n03.milgram.ycrc.yale.edu	2025-06-08 10:29:44	2025-06-08 10:29:55	10.81	python -u /gpfs/milgram/project/turk-browne/users/elb77//task_dim/atlas_isc.py -i 7 -s U_11 -t movieTP -d hbn
127	1	r812u15n03.milgram.ycrc.yale.edu	2025-06-08 10:29:44	2025-06-08 10:29:55	10.52	python -u /gpfs/milgram/project/turk-browne/users/elb77//task_dim/atlas_isc.py -i 10 -s U_11 -t movieTP -d hbn
129	1	r812u15n03.milgram.ycrc.yale.edu	2025-06-08 10:29:44	2025-06-08 10:29:55	10.48	python -u /gpfs/milgram/project/turk-browne/users/elb77//task_dim/atlas_isc.py -i 12 -s U_11 -t movieTP -d hbn
123	1	r812u15n03.milgram.ycrc.yale.edu	2025-06-08 10:29:44	2025-06-08 10:29:55	10.84	python -u /gpfs/milgram/project/turk-browne/users/elb77//task_dim/atlas_isc.py -i 6 -s U_11 -t movieTP -d hbn
131	1	r812u15n03.milgram.ycrc.yale.edu	2025-06-08 10:29:44	2025-06-08 10:29:55	10.58	python -u /gpfs/milgram/project/turk-browne/users/elb77//task_dim/atlas_isc.py -i 14 -s U_11 -t movieTP -d hbn
126	1	r812u15n03.milgram.ycrc.yale.edu	2025-06-08 10:29:44	2025-06-08 10:29:55	10.58	python -u /gpfs/milgram/project/turk-browne/users/elb77//task_dim/atlas_isc.py -i 9 -s U_11 -t movieTP -d hbn
130	1	r812u15n03.milgram.ycrc.yale.edu	2025-06-08 10:29:44	2025-06-08 10:29:55	10.63	python -u /gpfs/milgram/project/turk-browne/users/elb77//task_dim/atlas_isc.py -i 13 -s U_11 -t movieTP -d hbn
140	1	r812u15n04.milgram.ycrc.yale.edu	2025-06-08 10:29:45	2025-06-08 10:29:55	10.31	python -u /gpfs/milgram/project/turk-browne/users/elb77//task_dim/atlas_isc.py -i 23 -s U_11 -t movieTP -d hbn
133	1	r812u15n04.milgram.ycrc.yale.edu	2025-06-08 10:29:45	2025-06-08 10:29:55	10.33	python -u /gpfs/milgram/project/turk-browne/users/elb77//task_dim/atlas_isc.py -i 16 -s U_11 -t movieTP -d hbn
139	1	r812u15n04.milgram.ycrc.yale.edu	2025-06-08 10:29:45	2025-06-08 10:29:55	10.32	python -u /gpfs/milgram/project/turk-browne/users/elb77//task_dim/atlas_isc.py -i 22 -s U_11 -t movieTP -d hbn
132	1	r812u15n04.milgram.ycrc.yale.edu	2025-06-08 10:29:45	2025-06-08 10:29:55	10.35	python -u /gpfs/milgram/project/turk-browne/users/elb77//task_dim/atlas_isc.py -i 15 -s U_11 -t movieTP -d hbn
137	1	r812u15n04.milgram.ycrc.yale.edu	2025-06-08 10:29:45	2025-06-08 10:29:56	10.38	python -u /gpfs/milgram/project/turk-browne/users/elb77//task_dim/atlas_isc.py -i 20 -s U_11 -t movieTP -d hbn
135	1	r812u15n04.milgram.ycrc.yale.edu	2025-06-08 10:29:45	2025-06-08 10:29:56	10.43	python -u /gpfs/milgram/project/turk-browne/users/elb77//task_dim/atlas_isc.py -i 18 -s U_11 -t movieTP -d hbn
136	1	r812u15n04.milgram.ycrc.yale.edu	2025-06-08 10:29:45	2025-06-08 10:29:56	10.44	python -u /gpfs/milgram/project/turk-browne/users/elb77//task_dim/atlas_isc.py -i 19 -s U_11 -t movieTP -d hbn
134	1	r812u15n04.milgram.ycrc.yale.edu	2025-06-08 10:29:45	2025-06-08 10:29:56	10.47	python -u /gpfs/milgram/project/turk-browne/users/elb77//task_dim/atlas_isc.py -i 17 -s U_11 -t movieTP -d hbn
138	1	r812u15n04.milgram.ycrc.yale.edu	2025-06-08 10:29:45	2025-06-08 10:29:56	10.51	python -u /gpfs/milgram/project/turk-browne/users/elb77//task_dim/atlas_isc.py -i 21 -s U_11 -t movieTP -d hbn
148	1	r812u15n01.milgram.ycrc.yale.edu	2025-06-08 10:29:46	2025-06-08 10:29:56	10.34	python -u /gpfs/milgram/project/turk-browne/users/elb77//task_dim/atlas_isc.py -i 31 -s U_11 -t movieTP -d hbn
144	1	r812u15n01.milgram.ycrc.yale.edu	2025-06-08 10:29:46	2025-06-08 10:29:56	10.35	python -u /gpfs/milgram/project/turk-browne/users/elb77//task_dim/atlas_isc.py -i 27 -s U_11 -t movieTP -d hbn
145	1	r812u15n01.milgram.ycrc.yale.edu	2025-06-08 10:29:46	2025-06-08 10:29:56	10.36	python -u /gpfs/milgram/project/turk-browne/users/elb77//task_dim/atlas_isc.py -i 28 -s U_11 -t movieTP -d hbn
143	1	r812u15n01.milgram.ycrc.yale.edu	2025-06-08 10:29:46	2025-06-08 10:29:56	10.46	python -u /gpfs/milgram/project/turk-browne/users/elb77//task_dim/atlas_isc.py -i 26 -s U_11 -t movieTP -d hbn
142	1	r812u15n01.milgram.ycrc.yale.edu	2025-06-08 10:29:46	2025-06-08 10:29:56	10.36	python -u /gpfs/milgram/project/turk-browne/users/elb77//task_dim/atlas_isc.py -i 25 -s U_11 -t movieTP -d hbn
141	1	r812u15n01.milgram.ycrc.yale.edu	2025-06-08 10:29:46	2025-06-08 10:29:56	10.39	python -u /gpfs/milgram/project/turk-browne/users/elb77//task_dim/atlas_isc.py -i 24 -s U_11 -t movieTP -d hbn
146	1	r812u15n01.milgram.ycrc.yale.edu	2025-06-08 10:29:46	2025-06-08 10:29:56	10.44	python -u /gpfs/milgram/project/turk-browne/users/elb77//task_dim/atlas_isc.py -i 29 -s U_11 -t movieTP -d hbn
149	1	r812u15n01.milgram.ycrc.yale.edu	2025-06-08 10:29:46	2025-06-08 10:29:56	10.51	python -u /gpfs/milgram/project/turk-browne/users/elb77//task_dim/atlas_isc.py -i 32 -s U_11 -t movieTP -d hbn
147	1	r812u15n01.milgram.ycrc.yale.edu	2025-06-08 10:29:46	2025-06-08 10:29:56	10.56	python -u /gpfs/milgram/project/turk-browne/users/elb77//task_dim/atlas_isc.py -i 30 -s U_11 -t movieTP -d hbn
150	1	r812u15n02.milgram.ycrc.yale.edu	2025-06-08 10:29:48	2025-06-08 10:29:58	9.99	python -u /gpfs/milgram/project/turk-browne/users/elb77//task_dim/atlas_isc.py -i 33 -s U_11 -t movieTP -d hbn
156	1	r812u15n02.milgram.ycrc.yale.edu	2025-06-08 10:29:48	2025-06-08 10:29:58	9.98	python -u /gpfs/milgram/project/turk-browne/users/elb77//task_dim/atlas_isc.py -i 39 -s U_11 -t movieTP -d hbn
151	1	r812u15n02.milgram.ycrc.yale.edu	2025-06-08 10:29:48	2025-06-08 10:29:59	10.12	python -u /gpfs/milgram/project/turk-browne/users/elb77//task_dim/atlas_isc.py -i 34 -s U_11 -t movieTP -d hbn
155	1	r812u15n02.milgram.ycrc.yale.edu	2025-06-08 10:29:49	2025-06-08 10:29:59	10.05	python -u /gpfs/milgram/project/turk-browne/users/elb77//task_dim/atlas_isc.py -i 38 -s U_11 -t movieTP -d hbn
158	1	r812u15n02.milgram.ycrc.yale.edu	2025-06-08 10:29:49	2025-06-08 10:29:59	10.01	python -u /gpfs/milgram/project/turk-browne/users/elb77//task_dim/atlas_isc.py -i 41 -s U_11 -t movieTP -d hbn
154	1	r812u15n02.milgram.ycrc.yale.edu	2025-06-08 10:29:49	2025-06-08 10:29:59	10.15	python -u /gpfs/milgram/project/turk-browne/users/elb77//task_dim/atlas_isc.py -i 37 -s U_11 -t movieTP -d hbn
153	1	r812u15n02.milgram.ycrc.yale.edu	2025-06-08 10:29:49	2025-06-08 10:29:59	10.16	python -u /gpfs/milgram/project/turk-browne/users/elb77//task_dim/atlas_isc.py -i 36 -s U_11 -t movieTP -d hbn
157	1	r812u15n02.milgram.ycrc.yale.edu	2025-06-08 10:29:49	2025-06-08 10:29:59	10.13	python -u /gpfs/milgram/project/turk-browne/users/elb77//task_dim/atlas_isc.py -i 40 -s U_11 -t movieTP -d hbn
152	1	r812u15n02.milgram.ycrc.yale.edu	2025-06-08 10:29:49	2025-06-08 10:29:59	10.34	python -u /gpfs/milgram/project/turk-browne/users/elb77//task_dim/atlas_isc.py -i 35 -s U_11 -t movieTP -d hbn
159	1	r811u15n04.milgram.ycrc.yale.edu	2025-06-08 10:29:53	2025-06-08 10:30:02	8.99	python -u /gpfs/milgram/project/turk-browne/users/elb77//task_dim/atlas_isc.py -i 42 -s U_11 -t movieTP -d hbn
160	1	r811u17n03.milgram.ycrc.yale.edu	2025-06-08 10:29:54	2025-06-08 10:30:03	9.06	python -u /gpfs/milgram/project/turk-browne/users/elb77//task_dim/atlas_isc.py -i 0 -s U_12 -t movieTP -d hbn
161	1	r811u17n03.milgram.ycrc.yale.edu	2025-06-08 10:29:54	2025-06-08 10:30:03	9.12	python -u /gpfs/milgram/project/turk-browne/users/elb77//task_dim/atlas_isc.py -i 1 -s U_12 -t movieTP -d hbn
162	1	r811u17n03.milgram.ycrc.yale.edu	2025-06-08 10:29:55	2025-06-08 10:30:04	8.93	python -u /gpfs/milgram/project/turk-browne/users/elb77//task_dim/atlas_isc.py -i 2 -s U_12 -t movieTP -d hbn
163	1	r811u17n03.milgram.ycrc.yale.edu	2025-06-08 10:29:55	2025-06-08 10:30:04	9.00	python -u /gpfs/milgram/project/turk-browne/users/elb77//task_dim/atlas_isc.py -i 3 -s U_12 -t movieTP -d hbn
167	1	r812u15n03.milgram.ycrc.yale.edu	2025-06-08 10:30:00	2025-06-08 10:30:11	10.75	python -u /gpfs/milgram/project/turk-browne/users/elb77//task_dim/atlas_isc.py -i 7 -s U_12 -t movieTP -d hbn
166	1	r812u15n03.milgram.ycrc.yale.edu	2025-06-08 10:30:00	2025-06-08 10:30:11	10.75	python -u /gpfs/milgram/project/turk-browne/users/elb77//task_dim/atlas_isc.py -i 6 -s U_12 -t movieTP -d hbn
169	1	r812u15n03.milgram.ycrc.yale.edu	2025-06-08 10:30:00	2025-06-08 10:30:11	10.77	python -u /gpfs/milgram/project/turk-browne/users/elb77//task_dim/atlas_isc.py -i 9 -s U_12 -t movieTP -d hbn
172	1	r812u15n03.milgram.ycrc.yale.edu	2025-06-08 10:30:00	2025-06-08 10:30:11	10.83	python -u /gpfs/milgram/project/turk-browne/users/elb77//task_dim/atlas_isc.py -i 12 -s U_12 -t movieTP -d hbn
171	1	r812u15n03.milgram.ycrc.yale.edu	2025-06-08 10:30:00	2025-06-08 10:30:11	10.81	python -u /gpfs/milgram/project/turk-browne/users/elb77//task_dim/atlas_isc.py -i 11 -s U_12 -t movieTP -d hbn
164	1	r812u15n03.milgram.ycrc.yale.edu	2025-06-08 10:30:00	2025-06-08 10:30:11	10.87	python -u /gpfs/milgram/project/turk-browne/users/elb77//task_dim/atlas_isc.py -i 4 -s U_12 -t movieTP -d hbn
165	1	r812u15n03.milgram.ycrc.yale.edu	2025-06-08 10:30:00	2025-06-08 10:30:11	10.85	python -u /gpfs/milgram/project/turk-browne/users/elb77//task_dim/atlas_isc.py -i 5 -s U_12 -t movieTP -d hbn
170	1	r812u15n03.milgram.ycrc.yale.edu	2025-06-08 10:30:00	2025-06-08 10:30:11	10.85	python -u /gpfs/milgram/project/turk-browne/users/elb77//task_dim/atlas_isc.py -i 10 -s U_12 -t movieTP -d hbn
168	1	r812u15n03.milgram.ycrc.yale.edu	2025-06-08 10:30:00	2025-06-08 10:30:11	10.93	python -u /gpfs/milgram/project/turk-browne/users/elb77//task_dim/atlas_isc.py -i 8 -s U_12 -t movieTP -d hbn
176	1	r812u15n04.milgram.ycrc.yale.edu	2025-06-08 10:30:01	2025-06-08 10:30:12	10.73	python -u /gpfs/milgram/project/turk-browne/users/elb77//task_dim/atlas_isc.py -i 16 -s U_12 -t movieTP -d hbn
186	1	r812u15n01.milgram.ycrc.yale.edu	2025-06-08 10:30:02	2025-06-08 10:30:12	10.07	python -u /gpfs/milgram/project/turk-browne/users/elb77//task_dim/atlas_isc.py -i 26 -s U_12 -t movieTP -d hbn
189	1	r812u15n01.milgram.ycrc.yale.edu	2025-06-08 10:30:02	2025-06-08 10:30:12	10.04	python -u /gpfs/milgram/project/turk-browne/users/elb77//task_dim/atlas_isc.py -i 29 -s U_12 -t movieTP -d hbn
175	1	r812u15n04.milgram.ycrc.yale.edu	2025-06-08 10:30:01	2025-06-08 10:30:12	10.78	python -u /gpfs/milgram/project/turk-browne/users/elb77//task_dim/atlas_isc.py -i 15 -s U_12 -t movieTP -d hbn
177	1	r812u15n04.milgram.ycrc.yale.edu	2025-06-08 10:30:01	2025-06-08 10:30:12	10.75	python -u /gpfs/milgram/project/turk-browne/users/elb77//task_dim/atlas_isc.py -i 17 -s U_12 -t movieTP -d hbn
178	1	r812u15n04.milgram.ycrc.yale.edu	2025-06-08 10:30:01	2025-06-08 10:30:12	10.78	python -u /gpfs/milgram/project/turk-browne/users/elb77//task_dim/atlas_isc.py -i 18 -s U_12 -t movieTP -d hbn
179	1	r812u15n04.milgram.ycrc.yale.edu	2025-06-08 10:30:01	2025-06-08 10:30:12	10.78	python -u /gpfs/milgram/project/turk-browne/users/elb77//task_dim/atlas_isc.py -i 19 -s U_12 -t movieTP -d hbn
181	1	r812u15n04.milgram.ycrc.yale.edu	2025-06-08 10:30:01	2025-06-08 10:30:12	10.85	python -u /gpfs/milgram/project/turk-browne/users/elb77//task_dim/atlas_isc.py -i 21 -s U_12 -t movieTP -d hbn
173	1	r812u15n04.milgram.ycrc.yale.edu	2025-06-08 10:30:01	2025-06-08 10:30:12	10.83	python -u /gpfs/milgram/project/turk-browne/users/elb77//task_dim/atlas_isc.py -i 13 -s U_12 -t movieTP -d hbn
188	1	r812u15n01.milgram.ycrc.yale.edu	2025-06-08 10:30:02	2025-06-08 10:30:12	10.17	python -u /gpfs/milgram/project/turk-browne/users/elb77//task_dim/atlas_isc.py -i 28 -s U_12 -t movieTP -d hbn
185	1	r812u15n01.milgram.ycrc.yale.edu	2025-06-08 10:30:02	2025-06-08 10:30:12	10.23	python -u /gpfs/milgram/project/turk-browne/users/elb77//task_dim/atlas_isc.py -i 25 -s U_12 -t movieTP -d hbn
190	1	r812u15n01.milgram.ycrc.yale.edu	2025-06-08 10:30:02	2025-06-08 10:30:12	10.21	python -u /gpfs/milgram/project/turk-browne/users/elb77//task_dim/atlas_isc.py -i 30 -s U_12 -t movieTP -d hbn
180	1	r812u15n04.milgram.ycrc.yale.edu	2025-06-08 10:30:01	2025-06-08 10:30:12	10.90	python -u /gpfs/milgram/project/turk-browne/users/elb77//task_dim/atlas_isc.py -i 20 -s U_12 -t movieTP -d hbn
187	1	r812u15n01.milgram.ycrc.yale.edu	2025-06-08 10:30:02	2025-06-08 10:30:12	10.19	python -u /gpfs/milgram/project/turk-browne/users/elb77//task_dim/atlas_isc.py -i 27 -s U_12 -t movieTP -d hbn
184	1	r812u15n01.milgram.ycrc.yale.edu	2025-06-08 10:30:02	2025-06-08 10:30:12	10.29	python -u /gpfs/milgram/project/turk-browne/users/elb77//task_dim/atlas_isc.py -i 24 -s U_12 -t movieTP -d hbn
183	1	r812u15n01.milgram.ycrc.yale.edu	2025-06-08 10:30:02	2025-06-08 10:30:12	10.33	python -u /gpfs/milgram/project/turk-browne/users/elb77//task_dim/atlas_isc.py -i 23 -s U_12 -t movieTP -d hbn
182	1	r812u15n01.milgram.ycrc.yale.edu	2025-06-08 10:30:02	2025-06-08 10:30:12	10.34	python -u /gpfs/milgram/project/turk-browne/users/elb77//task_dim/atlas_isc.py -i 22 -s U_12 -t movieTP -d hbn
191	1	r812u15n02.milgram.ycrc.yale.edu	2025-06-08 10:30:03	2025-06-08 10:30:12	9.35	python -u /gpfs/milgram/project/turk-browne/users/elb77//task_dim/atlas_isc.py -i 31 -s U_12 -t movieTP -d hbn
174	1	r812u15n04.milgram.ycrc.yale.edu	2025-06-08 10:30:01	2025-06-08 10:30:12	11.09	python -u /gpfs/milgram/project/turk-browne/users/elb77//task_dim/atlas_isc.py -i 14 -s U_12 -t movieTP -d hbn
199	1	r812u15n02.milgram.ycrc.yale.edu	2025-06-08 10:30:04	2025-06-08 10:30:14	10.04	python -u /gpfs/milgram/project/turk-browne/users/elb77//task_dim/atlas_isc.py -i 3 -s U_13 -t movieTP -d hbn
196	1	r812u15n02.milgram.ycrc.yale.edu	2025-06-08 10:30:04	2025-06-08 10:30:14	10.08	python -u /gpfs/milgram/project/turk-browne/users/elb77//task_dim/atlas_isc.py -i 0 -s U_13 -t movieTP -d hbn
