subject_id,rho,pval,zscore,age_months,dataset,age,age_group
rest_movie_01,0.0640580444469975,0.2087912087912088,1.321248575770357,228.0,AdultRestMovie,19.0,O17
rest_movie_02,-0.18024782344915793,0.000999000999000999,-3.7121784335559034,276.0,AdultRestMovie,23.0,O17
rest_movie_03,0.2560887299512231,0.000999000999000999,5.125003783793719,228.0,AdultRestMovie,19.0,O17
rest_movie_04,0.07516379085596299,0.14685314685314685,1.5139992390269978,336.0,AdultRestMovie,28.0,O17
rest_movie_05,-0.20736737095308716,0.000999000999000999,-4.119265559108357,348.0,AdultRestMovie,29.0,O17
rest_movie_07,0.21813181213603375,0.000999000999000999,4.501804547111528,228.0,AdultRestMovie,19.0,O17
rest_movie_08,0.019565215760450227,0.6943056943056943,0.3982881730517294,228.0,AdultRestMovie,19.0,O17
rest_movie_09,-0.3741410571477497,0.000999000999000999,-7.610739499066393,228.0,AdultRestMovie,19.0,O17
rest_movie_10,0.1755742988277194,0.000999000999000999,3.385941212851542,240.0,AdultRestMovie,20.0,O17
rest_movie_11,0.03236113709848505,0.5174825174825175,0.6374426725478978,264.0,AdultRestMovie,22.0,O17
rest_movie_12,0.26956101993926296,0.000999000999000999,5.377161311163575,240.0,AdultRestMovie,20.0,O17
sub-NDARAA948VFH,-0.07527495338769175,0.12787212787212787,-1.5098773027432484,95.79192,HBN,7.98266,U08
sub-NDARAB458VK9,-0.03376363961835485,0.5244755244755245,-0.6625582779825325,154.03422,HBN,12.836185,12-15
sub-NDARAB977GFB,0.2107923167096183,0.000999000999000999,4.189555884030204,101.467488,HBN,8.455624,8-10
sub-NDARAC331VEH,-0.15967545585322915,0.003996003996003996,-3.1467286399549264,170.008212,HBN,14.167350999999998,15-17
sub-NDARAC350BZ0,0.10003720887192662,0.04395604395604396,2.0408668638655105,155.052696,HBN,12.921058,12-15
sub-NDARAC495TJ2,0.15974300143886558,0.000999000999000999,3.197216590509155,193.886376,HBN,16.157198,15-17
sub-NDARAC853CR6,0.08253153650286987,0.11388611388611389,1.5712992184075505,110.279256,HBN,9.189938,8-10
sub-NDARAE877NER,-0.0721375902631567,0.13886113886113885,-1.4749861280868266,136.095816,HBN,11.341318000000001,10-12
sub-NDARAF535XK6,-0.03308768112858285,0.5074925074925075,-0.6163823477467797,157.45790399999998,HBN,13.121491999999998,12-15
sub-NDARAG115LZP,0.0004359644000733395,0.989010989010989,-0.012814522609709418,170.008212,HBN,14.167350999999998,15-17
sub-NDARAG340ERT,-0.30753011924835155,0.000999000999000999,-6.092278402016243,128.710464,HBN,10.725872,10-12
sub-NDARAH503YG1,-0.062288893289137205,0.22777222777222778,-1.2183354609313006,84.16016400000001,HBN,7.013347,U08
sub-NDARAH948UF0,0.034178424064305477,0.4825174825174825,0.6719172729578551,138.986988,HBN,11.582249,10-12
sub-NDARAK738BGC,0.27453058935636426,0.000999000999000999,5.451854183001921,211.23886799999997,HBN,17.603239,15-17
sub-NDARAL828WXM,-0.11736723459258198,0.01098901098901099,-2.38164784448924,182.262828,HBN,15.188569000000001,15-17
sub-NDARAL897CYV,-0.07726260749210188,0.12687312687312688,-1.5966834222359627,155.87404800000002,HBN,12.989504000000002,12-15
sub-NDARAM357BUA,0.19146056218448612,0.000999000999000999,3.8825695450813,98.581788,HBN,8.215149,8-10
sub-NDARAP049KXJ,-0.04641240506495169,0.34765234765234765,-0.9718159783118325,110.106768,HBN,9.175564,8-10
sub-NDARAP176AD1,0.08433967278672033,0.08591408591408592,1.7167162148615334,110.377812,HBN,9.198151000000001,8-10
sub-NDARAP457WB5,0.0013165059845477002,0.985014985014985,0.051347160403882285,219.94660799999997,HBN,18.328884,O17
sub-NDARAT358XM9,0.08937458367431567,0.06493506493506493,1.8382404171337476,109.71251999999998,HBN,9.14271,8-10
sub-NDARAT581NDH,0.12776282089669314,0.008991008991008992,2.586559191309677,230.49280799999997,HBN,19.207734,O17
sub-NDARAT680GJA,-0.050589274221599284,0.2977022977022977,-1.0451401484001175,118.361388,HBN,9.863449000000001,8-10
sub-NDARAT709MMX,0.033652809807822794,0.5064935064935064,0.6686454759940392,162.083496,HBN,13.506958,12-15
sub-NDARAT982JTU,0.02959925804619656,0.5374625374625375,0.590841661312008,98.09034,HBN,8.174195,8-10
sub-NDARAU530GLJ,-0.12996764532889094,0.005994005994005994,-2.5240032582852274,117.007524,HBN,9.750627,8-10
sub-NDARAV554TP2,-0.20645194704129116,0.000999000999000999,-4.240356331467719,203.54551200000003,HBN,16.962126,15-17
sub-NDARAW179AYF,0.13958482494893226,0.007992007992007992,2.747857919801754,141.26214000000002,HBN,11.771845,10-12
sub-NDARAW216PM7,-0.22338343868969013,0.000999000999000999,-4.4851884517130385,118.845984,HBN,9.903832,8-10
sub-NDARAX272ZJL,0.1629020124320827,0.000999000999000999,3.4240799527515735,151.04448,HBN,12.58704,12-15
sub-NDARAX277ATU,0.05002610831441213,0.3336663336663337,0.9777868973812055,198.558516,HBN,16.546543,15-17
sub-NDARAY665GWN,-0.31094273259529587,0.000999000999000999,-6.204851805594787,127.453788,HBN,10.621149,10-12
sub-NDARBF042LDM,-0.13155558484503213,0.00999000999000999,-2.566667357536653,121.310052,HBN,10.109171,10-12
sub-NDARBF176LPM,-0.15928484513694885,0.000999000999000999,-3.1505136895559556,130.780284,HBN,10.898356999999999,10-12
sub-NDARBF183RFB,0.05499278566170308,0.2907092907092907,1.0790606734352626,87.340176,HBN,7.278348,U08
sub-NDARBF851NH6,0.026498477862888708,0.5994005994005994,0.5474187837336014,226.744692,HBN,18.895391,O17
sub-NDARBH019KPD,0.04599063244779451,0.34965034965034963,0.9330321405378454,102.261456,HBN,8.521787999999999,8-10
sub-NDARBH512BHA,0.039338767622187076,0.45354645354645357,0.7939287728594111,116.81724,HBN,9.73477,8-10
sub-NDARBK106KRH,0.17532912986896448,0.001998001998001998,3.459255399841978,116.29158,HBN,9.690965,8-10
sub-NDARBN365EV3,-0.17624446844518057,0.000999000999000999,-3.5902934454606883,159.749484,HBN,13.312457,12-15
sub-NDARBN620TT7,0.04417982919038445,0.3806193806193806,0.8895529241050948,182.781648,HBN,15.231803999999999,15-17
sub-NDARBP527JWC,-0.026329803837975257,0.6073926073926074,-0.5291789270459678,170.559888,HBN,14.213324,15-17
sub-NDARBP770MUM,0.11850450316134555,0.02097902097902098,2.388783672719928,75.22381200000001,HBN,6.268651000000001,U08
sub-NDARBR740NKV,-0.14006746058342326,0.008991008991008992,-2.8422583682448814,195.10746,HBN,16.258955,15-17
sub-NDARBT607PZL,0.06913690177245657,0.14585414585414586,1.4632579373662316,207.724836,HBN,17.310403,15-17
sub-NDARBU730PN8,0.08061524086150071,0.11288711288711288,1.6590631404879401,165.007524,HBN,13.750627,12-15
sub-NDARBV167RMU,-0.09308325660842837,0.056943056943056944,-1.802609072269976,179.041752,HBN,14.920146,15-17
sub-NDARBX974XDR,-0.052307515367919784,0.2967032967032967,-1.0776507939571536,153.182748,HBN,12.765229,12-15
sub-NDARBZ925PRF,0.05162351395004764,0.2777222777222777,1.0258219339592984,208.1451,HBN,17.345425000000002,15-17
sub-NDARCA618DGA,0.10720932197924149,0.03496503496503497,2.159223594809173,84.71868,HBN,7.05989,U08
sub-NDARCB305AFY,-0.10703136687973944,0.03196803196803197,-2.05320684841818,113.166324,HBN,9.430527,8-10
sub-NDARCC059WTH,0.02704874174065309,0.6043956043956044,0.5584230102664399,131.10198,HBN,10.925165,10-12
sub-NDARCC340ER5,0.10877018571152589,0.030969030969030968,2.2217082335854204,149.340168,HBN,12.445014,12-15
sub-NDARCD296XU9,0.10681161241443736,0.03996003996003996,2.0354579147183176,141.089664,HBN,11.757472,10-12
sub-NDARCD687JUZ,-0.015137840312012325,0.7742257742257742,-0.354640900956308,125.556468,HBN,10.463039,10-12
sub-NDARCF052AE0,-0.1703410343196963,0.000999000999000999,-3.339143587566881,141.81108,HBN,11.817590000000001,10-12
sub-NDARCG159AAP,0.09038903563645954,0.06593406593406594,1.820635926544727,120.261456,HBN,10.021787999999999,10-12
sub-NDARCG438NML,0.1781254418412094,0.000999000999000999,3.5597387001193095,193.663236,HBN,16.138603,15-17
sub-NDARCG785NND,-0.04916368770364963,0.35364635364635366,-0.9112017607896628,114.057492,HBN,9.504790999999999,8-10
sub-NDARCG808HDJ,0.09916430682744126,0.04695304695304695,2.0394897598759694,113.72894399999998,HBN,9.477412,8-10
sub-NDARCH628LKW,-0.04741425183579184,0.3306693306693307,-0.9822847103928604,87.274464,HBN,7.272872,U08
sub-NDARCJ433TCG,0.27388283512457684,0.000999000999000999,5.518836682032371,202.658448,HBN,16.888203999999998,15-17
sub-NDARCK481KRH,0.10581939129988001,0.030969030969030968,2.129888636123257,163.238868,HBN,13.603239,12-15
sub-NDARCK647MU6,0.02668202317410883,0.5934065934065934,0.547846938667546,138.59274,HBN,11.549394999999999,10-12
sub-NDARCL008HLA,-0.15010530926543342,0.001998001998001998,-3.124282956565698,197.474328,HBN,16.456194,15-17
sub-NDARCL016NHB,-0.045378817366482506,0.35264735264735264,-0.904710032211226,134.130036,HBN,11.177503,10-12
sub-NDARCM811CV1,0.029034646306829517,0.5494505494505495,0.5240127518359244,212.095824,HBN,17.674652,15-17
sub-NDARCM953HKD,0.011154967965158065,0.7952047952047953,0.24243667819779627,112.644756,HBN,9.387063,8-10
sub-NDARCP642KML,-0.1081682141620074,0.024975024975024976,-2.1918818639030486,206.763852,HBN,17.230321,15-17
sub-NDARCR582GKJ,-0.04553989478997004,0.37362637362637363,-0.8809623722333101,187.388088,HBN,15.615674,15-17
sub-NDARCR594JN0,-0.1378433023487696,0.006993006993006993,-2.811735471268109,142.90348799999998,HBN,11.908623999999998,10-12
sub-NDARCR743RHQ,0.06281689187701471,0.2087912087912088,1.2525982748329316,161.26214399999998,HBN,13.438511999999998,12-15
sub-NDARCT420MW1,0.17954958569355006,0.000999000999000999,3.5748788935849594,101.334696,HBN,8.444557999999999,8-10
sub-NDARCT889DMB,0.0457082791920795,0.37662337662337664,0.9561974884710895,254.11361999999997,HBN,21.176135,O17
sub-NDARCU118LMX,-0.16855837648706604,0.000999000999000999,-3.364721889221861,110.673504,HBN,9.222792,8-10
sub-NDARCU621EBN,0.11616000338119344,0.024975024975024976,2.2779791806575513,172.33538399999998,HBN,14.361281999999997,15-17
sub-NDARCU865PBV,0.021773322374701535,0.6793206793206793,0.4318752512841907,130.380552,HBN,10.865046,10-12
sub-NDARCV154DB9,-0.18003283902597916,0.000999000999000999,-3.544580733346079,225.991776,HBN,18.832648,O17
sub-NDARCV440TRV,-0.07954026315206401,0.12987012987012986,-1.5365281748859236,98.412036,HBN,8.201003,8-10
sub-NDARCV606ZZ5,0.002304301835467619,0.9630369630369631,0.03424377365768644,161.69472000000002,HBN,13.474560000000002,12-15
sub-NDARCV981XUY,0.034053319845362987,0.5164835164835165,0.6819221653302867,189.352488,HBN,15.779373999999999,15-17
sub-NDARCW611MK5,-0.14459018896135767,0.001998001998001998,-2.912134989230262,125.129352,HBN,10.427446,10-12
sub-NDARCW932EU6,-0.16295949803485835,0.000999000999000999,-3.3036901487423243,110.140992,HBN,9.178416,8-10
sub-NDARCX021XWF,-0.07570183661970577,0.12487512487512488,-1.5583002595827475,154.09855199999998,HBN,12.841546,12-15
sub-NDARCX462NVA,0.11050878624910566,0.027972027972027972,2.202734124575468,108.433944,HBN,9.036162,8-10
sub-NDARCZ947WU5,0.25374394759381963,0.000999000999000999,5.120277132310643,112.37508,HBN,9.36459,8-10
sub-NDARDA472JE3,0.0017474469392262377,0.975024975024975,0.05119816668358712,94.312104,HBN,7.859342000000001,U08
sub-NDARDA516MNY,0.18857468768949862,0.000999000999000999,3.816553410114735,103.9644,HBN,8.6637,8-10
sub-NDARDA573XGG,0.2585783628581046,0.000999000999000999,5.147143795330922,184.726896,HBN,15.393908000000001,15-17
sub-NDARDA656RBN,0.03286824310992711,0.5354645354645354,0.5894011688336521,84.94181999999999,HBN,7.078485,U08
sub-NDARDB161LU6,0.09325155188981947,0.053946053946053944,1.9313003045986323,153.446952,HBN,12.787246000000001,12-15
sub-NDARDC814WW2,-0.09651741050089367,0.04695304695304695,-1.9929408537023336,150.722784,HBN,12.560232,12-15
sub-NDARDC987BMU,0.2680118679988235,0.000999000999000999,5.371441683097362,216.462696,HBN,18.038558,O17
sub-NDARDD073JKZ,0.05766938531630022,0.25774225774225773,1.1166023823755964,123.479808,HBN,10.289984,10-12
sub-NDARDD193HUP,-0.03285465425396154,0.5024975024975025,-0.6997312240959622,191.691984,HBN,15.974331999999999,15-17
sub-NDARDD854GF8,0.06190288761469672,0.23276723276723277,1.2411118776055505,95.691984,HBN,7.974332,U08
sub-NDARDE319VD1,-0.03257974691464577,0.5164835164835165,-0.6599022380079751,113.557836,HBN,9.463153,8-10
sub-NDARDE502TEU,-0.014802717660601669,0.7792207792207793,-0.2960165364667391,121.477068,HBN,10.123089,10-12
sub-NDARDE681UEX,0.03857282855311091,0.45054945054945056,0.776822718700948,137.607108,HBN,11.467259,10-12
sub-NDARDE827UF0,0.04398878187945446,0.3886113886113886,0.8474362599817258,205.221072,HBN,17.101755999999998,15-17
sub-NDARDE877RFH,0.12014809912207601,0.016983016983016984,2.4532783746424256,151.2156,HBN,12.6013,12-15
sub-NDARDF374LGN,0.049071109396957996,0.33266733266733267,0.9610281547152472,93.720732,HBN,7.810061,U08
sub-NDARDG077GPH,-0.21861583768760667,0.000999000999000999,-4.379975353697971,208.243668,HBN,17.353639,15-17
sub-NDARDG747ULB,0.22437727185091694,0.000999000999000999,4.595397746379996,103.04448,HBN,8.58704,8-10
sub-NDARDH086ZKK,-0.23435119917166045,0.000999000999000999,-4.639086523140148,113.860368,HBN,9.488363999999999,8-10
sub-NDARDH214UVC,0.060367761270306325,0.23976023976023977,1.160689278832735,93.293628,HBN,7.774469,U08
sub-NDARDJ204EPU,-0.2796577869169094,0.000999000999000999,-5.513300326332483,175.158108,HBN,14.596509,15-17
sub-NDARDJ970ELG,-0.19150339832310886,0.000999000999000999,-3.66521501845559,230.45858400000003,HBN,19.204882,O17
sub-NDARDL377ZT7,0.16300724890084212,0.001998001998001998,3.2841212359596925,170.264196,HBN,14.188683,15-17
sub-NDARDL511UND,0.19047633786097548,0.000999000999000999,3.703986602840227,122.40246,HBN,10.200205,10-12
sub-NDARDM156AVJ,-0.1774618632544164,0.000999000999000999,-3.473250511926227,148.521552,HBN,12.376796,12-15
sub-NDARDN393BJH,0.216080331630956,0.000999000999000999,4.181488941441613,94.90212,HBN,7.90851,U08
sub-NDARDN489EXJ,-0.19415300325857932,0.000999000999000999,-3.7096363725510746,166.75016399999998,HBN,13.895846999999998,12-15
sub-NDARDP786HE6,0.04306520331207003,0.3916083916083916,0.8360325639456692,115.596156,HBN,9.633013,8-10
sub-NDARDR236FWH,-0.27181667211954363,0.000999000999000999,-5.310640234108402,169.41546,HBN,14.117955,15-17
sub-NDARDR240WKM,0.36928583125854225,0.000999000999000999,7.364432985347576,129.860364,HBN,10.821697,10-12
sub-NDARDR439HY2,-0.020045559582065196,0.7042957042957043,-0.43264678645007904,161.564676,HBN,13.463723,12-15
sub-NDARDR591AUC,0.0378987095822052,0.43156843156843155,0.732549203836311,188.767956,HBN,15.730663,15-17
sub-NDARDT528ZZJ,-0.001419625335683383,0.984015984015984,-0.055070544895386556,163.50170400000002,HBN,13.625142000000002,12-15
sub-NDARDU482DGK,-0.1720335862951502,0.000999000999000999,-3.3597908709193858,126.6078,HBN,10.55065,10-12
sub-NDARDU602LPX,-0.03961172384234999,0.4565434565434565,-0.7860876336230003,146.871996,HBN,12.239333,12-15
sub-NDARDW178AC6,-0.07555331683829988,0.13286713286713286,-1.5152684935282412,199.312788,HBN,16.609399,15-17
sub-NDARDW711NYZ,-0.06585636723588456,0.16783216783216784,-1.3973463071772354,130.840512,HBN,10.903376,10-12
sub-NDARDX173WLD,-0.02340776170995669,0.6483516483516484,-0.46873223113362156,146.94317999999998,HBN,12.245264999999998,12-15
sub-NDARDX196MZP,-0.20719530450325377,0.000999000999000999,-4.150831278161473,133.63174800000002,HBN,11.135979,10-12
sub-NDARDX433HXA,-0.24664423592155024,0.000999000999000999,-4.8804288926020565,194.516076,HBN,16.209673,15-17
sub-NDARDX857DLB,-0.06414823164319157,0.21478521478521478,-1.22265855563099,124.963716,HBN,10.413643,10-12
sub-NDARDY741VEB,0.21428097414926386,0.000999000999000999,4.394118526461023,119.143044,HBN,9.928587,8-10
sub-NDARDY776AKH,0.10615460083353755,0.03496503496503497,2.0917427488207787,197.336064,HBN,16.444672,15-17
sub-NDARDZ425JVB,-0.16325090981990908,0.000999000999000999,-3.290681348593062,138.986988,HBN,11.582249,10-12
sub-NDAREC238AY4,0.07259675634260579,0.13286713286713286,1.457471883511332,106.369608,HBN,8.864134,8-10
sub-NDAREC486ZPV,-0.068486341202778,0.15984015984015984,-1.3681283655872356,195.765912,HBN,16.313826,15-17
sub-NDAREC648WEL,-0.29498704436476575,0.000999000999000999,-5.948607885064479,134.16426,HBN,11.180355,10-12
sub-NDARED628HMQ,0.11159586078327162,0.03396603396603397,2.197893108545483,115.0746,HBN,9.589550000000001,8-10
sub-NDAREE015WGU,-0.14741379256116802,0.005994005994005994,-2.865420607106286,160.25050800000002,HBN,13.354209000000003,12-15
sub-NDAREF164ZUJ,0.2235360649790518,0.000999000999000999,4.22675293662142,93.885,HBN,7.82375,U08
sub-NDAREF848YWD,0.16954946524041717,0.001998001998001998,3.2792224788822075,124.438056,HBN,10.369838,10-12
sub-NDAREF893ZM8,-0.12823845737550044,0.008991008991008992,-2.6306069245014263,151.11156,HBN,12.59263,12-15
sub-NDAREG013BLG,-0.08520608786800979,0.09490509490509491,-1.6599882779634731,163.963032,HBN,13.663586,12-15
sub-NDAREJ327AH7,0.1382099265540721,0.008991008991008992,2.664230050066931,141.78644400000002,HBN,11.815537,10-12
sub-NDAREK255DEE,-0.05147657856785314,0.2817182817182817,-1.0969646543668523,78.106776,HBN,6.508897999999999,U08
sub-NDAREK395BM3,0.04290849898983802,0.3926073926073926,0.8792304760872167,174.344964,HBN,14.528747000000001,15-17
sub-NDAREK686WN1,0.08225864997061837,0.1068931068931069,1.5812627414422824,97.103352,HBN,8.091946,8-10
sub-NDAREL410HHK,0.01008769706736859,0.8521478521478522,0.2665117791191651,235.585212,HBN,19.632101000000002,O17
sub-NDAREM731BYM,0.25027878809362364,0.000999000999000999,4.884585579603259,142.208076,HBN,11.850673,10-12
sub-NDAREM757NBG,-0.03228639900695746,0.5464535464535465,-0.6237039780619464,161.30184,HBN,13.44182,12-15
sub-NDAREN151YXN,-0.031191162280186622,0.5454545454545454,-0.596793674505083,97.073232,HBN,8.089436000000001,8-10
sub-NDAREN999ERM,0.043838695118753324,0.4075924075924076,0.8454335575788636,109.483908,HBN,9.123659,8-10
sub-NDAREP505XAD,-0.22773581020612377,0.000999000999000999,-4.501934755987691,241.893216,HBN,20.157768,O17
sub-NDAREU073NFU,0.116027509785356,0.024975024975024976,2.4470130901870135,136.095816,HBN,11.341318000000001,10-12
sub-NDAREW937RMY,-0.05812775473286554,0.2727272727272727,-1.1046925948373634,126.732372,HBN,10.561031,10-12
sub-NDAREX091KUR,-0.13088704032065657,0.013986013986013986,-2.5544786103463393,85.73031599999999,HBN,7.144192999999999,U08
sub-NDAREY778CR9,0.0036307890193263753,0.942057942057942,0.07929905111162285,124.503756,HBN,10.375313,10-12
sub-NDAREZ416XDW,-0.3482550589262612,0.000999000999000999,-6.9638923291125945,210.21492,HBN,17.51791,15-17
sub-NDARFA737TG6,0.16446914113778152,0.002997002997002997,3.2370776188026,240.87473999999995,HBN,20.072894999999995,O17
sub-NDARFB384XJ9,-0.02228733464147305,0.6413586413586414,-0.48399968199192506,172.431204,HBN,14.369267,15-17
sub-NDARFB528UVB,0.01238972678722915,0.8081918081918081,0.22612231539090735,101.572884,HBN,8.464407,8-10
sub-NDARFB969EMV,-0.1617276841691249,0.000999000999000999,-3.213030155253629,104.069808,HBN,8.672483999999999,8-10
sub-NDARFD316UD2,0.03892890520039889,0.45254745254745254,0.786968561830576,193.827504,HBN,16.152292,15-17
sub-NDARFD552FRH,0.13354158274245276,0.007992007992007992,2.686362910220654,165.27035999999998,HBN,13.772529999999998,12-15
sub-NDARFD620BUW,-0.015971809647113866,0.7802197802197802,-0.28471723686478073,89.478432,HBN,7.456536,U08
sub-NDARFF061VUK,0.004243101200619517,0.9280719280719281,0.07888561148781825,189.49212,HBN,15.79101,15-17
sub-NDARFF644ZGD,0.16918100660711533,0.000999000999000999,3.4235511501476985,119.511288,HBN,9.959273999999999,8-10
sub-NDARFG364YMG,-0.1062722809981376,0.03496503496503497,-2.0816327174828606,211.471584,HBN,17.622632,15-17
sub-NDARFG713PLR,-0.006370594141631111,0.9020979020979021,-0.16842554390727663,129.170424,HBN,10.764202,10-12
sub-NDARFG851ZNZ,0.09465967532130949,0.058941058941058944,1.9223457076937713,190.44216,HBN,15.87018,15-17
sub-NDARFJ179MG0,-0.11626808540636968,0.023976023976023976,-2.2555714323017804,172.406568,HBN,14.367213999999999,15-17
sub-NDARFJ372JDJ,0.18589230309273544,0.000999000999000999,3.7008919707906363,237.123876,HBN,19.760323,O17
sub-NDARFJ494ZDJ,0.047097272973065,0.32867132867132864,0.9380012526554328,209.06502,HBN,17.422085,15-17
sub-NDARFM211KDJ,0.1710453813016971,0.001998001998001998,3.2874841180793943,85.270356,HBN,7.105863,U08
sub-NDARFM619GTV,-0.2515452644765806,0.000999000999000999,-5.153575112536108,196.874736,HBN,16.406228000000002,15-17
sub-NDARFN214WHQ,-0.08990047051115997,0.07092907092907093,-1.8026972703983182,254.673504,HBN,21.222792000000002,O17
sub-NDARFP503KJF,-0.3005583483000502,0.000999000999000999,-6.176319558949322,121.055436,HBN,10.087953,10-12
sub-NDARFP841PDJ,-0.1546094225695791,0.002997002997002997,-3.1338164973479956,127.52634,HBN,10.627195,10-12
sub-NDARFR301KKP,0.21213546686282575,0.000999000999000999,4.095627068245999,105.40999200000002,HBN,8.784166,8-10
sub-NDARFR445XKP,-0.03529756334791581,0.4925074925074925,-0.6940175550208468,109.54962,HBN,9.129135,8-10
sub-NDARFT698LLU,0.025936244396437227,0.6163836163836164,0.5800070429835221,143.22792,HBN,11.93566,10-12
sub-NDARFT787HJW,-0.16473485488429998,0.000999000999000999,-3.313370528688443,85.14578399999999,HBN,7.095482,U08
sub-NDARFU916UZY,0.03788335967225312,0.4255744255744256,0.7222598674168358,102.553044,HBN,8.546087,8-10
sub-NDARFV061AR5,-0.2253114421520439,0.000999000999000999,-4.605357737112159,236.793972,HBN,19.732831,O17
sub-NDARFV685ZT2,0.3444049611656699,0.000999000999000999,6.768698003249279,85.204644,HBN,7.1003870000000004,U08
sub-NDARFY009MNL,-0.04598497378556028,0.36063936063936064,-0.9192595501081083,128.84052,HBN,10.73671,10-12
sub-NDARFY525TL2,0.04828993609569928,0.3246753246753247,0.9964016377270535,115.83162,HBN,9.652635,8-10
sub-NDARGA921UHR,-0.14189819560520664,0.003996003996003996,-2.773228895375744,174.633804,HBN,14.552817,15-17
sub-NDARGB000CW8,-0.08504194019263982,0.07992007992007992,-1.74060700476029,142.27788,HBN,11.85649,10-12
sub-NDARGB040MGR,0.0232025728591842,0.6693306693306693,0.4170507218074389,188.631072,HBN,15.719256,15-17
sub-NDARGB060TAM,-0.049869237142339096,0.3086913086913087,-0.9515922778234325,225.853524,HBN,18.821127,O17
sub-NDARGB441VVD,0.2802402094764492,0.000999000999000999,5.6066689813330175,233.935656,HBN,19.494638,O17
sub-NDARGC148JBJ,0.0407447477624007,0.3986013986013986,0.8395721549950856,182.98014,HBN,15.248345,15-17
sub-NDARGC170UK2,-0.08074290790990468,0.11588411588411589,-1.5617254171749004,125.653656,HBN,10.471138,10-12
sub-NDARGE536BGD,0.20617709100835,0.000999000999000999,4.129827795335461,113.130732,HBN,9.427560999999999,8-10
sub-NDARGF445UFB,0.050165333665399624,0.3116883116883117,0.9850463514440068,108.899376,HBN,9.074948000000001,8-10
sub-NDARGF543PM2,-0.03342914033290647,0.4965034965034965,-0.6403352256426902,136.398348,HBN,11.366529,10-12
sub-NDARGG423UMK,-0.28803275081400304,0.000999000999000999,-5.775051123083521,200.225868,HBN,16.685489,15-17
sub-NDARGH074MU6,-0.370384629047319,0.000999000999000999,-7.398450934143447,193.498968,HBN,16.124914,15-17
sub-NDARGH592NZ2,0.15899817601380242,0.002997002997002997,3.0578776900432976,175.323744,HBN,14.610312,15-17
sub-NDARGH842VFY,0.03706473783375083,0.44555444555444557,0.7413187968857672,147.043116,HBN,12.253593,12-15
sub-NDARGJ395FKP,0.23779985261076553,0.000999000999000999,4.906466990728936,173.88363600000002,HBN,14.490303000000003,15-17
sub-NDARGJ653MG2,-0.06572060071571292,0.16983016983016982,-1.3990233928673586,149.967144,HBN,12.497262,12-15
sub-NDARGK041TPB,0.16281761529818362,0.001998001998001998,3.4323175115885514,138.625596,HBN,11.552133,10-12
sub-NDARGK449LLK,0.0797894643464389,0.1038961038961039,1.6840573327376673,169.73852399999998,HBN,14.144877,15-17
sub-NDARGL289TB8,-0.049837100808825925,0.3276723276723277,-0.989261145936549,156.73374,HBN,13.061145000000002,12-15
sub-NDARGL800LDW,-0.04891197397756033,0.33966033966033965,-0.9948078559145217,61.943868,HBN,5.161989,U08
sub-NDARGM196JMM,0.01731358704477066,0.7112887112887113,0.37930283113689334,109.221072,HBN,9.101756,8-10
sub-NDARGM439FZD,0.007302260546352762,0.8851148851148851,0.17908993328063855,153.6783,HBN,12.806525,12-15
sub-NDARGN044FE4,0.17968478962765583,0.000999000999000999,3.698376040843044,198.788496,HBN,16.565708,15-17
sub-NDARGN210CK7,0.16097154020349477,0.002997002997002997,3.2545982759768,134.09034,HBN,11.174195,10-12
sub-NDARGN782BZN,0.007301120862101971,0.8701298701298701,0.1801917985408734,150.29568,HBN,12.52464,12-15
sub-NDARGR893PUA,0.08288620118566703,0.0899100899100899,1.6618037464363755,120.32580000000002,HBN,10.02715,10-12
sub-NDARGT551AFK,-0.14981317731393332,0.002997002997002997,-2.9669254748098752,163.404516,HBN,13.617043,12-15
sub-NDARGU461JX2,-0.06652050223319214,0.1978021978021978,-1.3153058567953961,203.282676,HBN,16.940223,15-17
sub-NDARGU844NZ3,0.04171614740962172,0.37362637362637363,0.8904501787688546,157.55646,HBN,13.129705,12-15
sub-NDARGV781AMW,-0.0076476203803365955,0.8791208791208791,-0.1432271920540123,134.287464,HBN,11.190622,10-12
sub-NDARGV948BFZ,0.17126280352219722,0.000999000999000999,3.4924441786361156,108.470904,HBN,9.039242,8-10
sub-NDARGY559UL3,-0.18519681763964335,0.000999000999000999,-3.704794901288616,140.662548,HBN,11.721879,10-12
sub-NDARGY622NG6,0.1620189909514862,0.000999000999000999,3.1320319206057317,244.392876,HBN,20.366073,O17
sub-NDARGY639ANB,-0.02327149040691716,0.6663336663336663,-0.4366943255656839,95.716632,HBN,7.976386000000001,U08
sub-NDARGZ553TMQ,0.17411746682298035,0.000999000999000999,3.4916112824083565,167.832984,HBN,13.986082000000001,12-15
sub-NDARHA387FPM,0.04915355934402437,0.3436563436563437,0.9186915787388653,134.986992,HBN,11.248916,10-12
sub-NDARHB764VZ2,-0.08970682649571991,0.06793206793206794,-1.8044861072509184,157.288152,HBN,13.107346,12-15
sub-NDARHB803UT9,-0.2028497693497253,0.000999000999000999,-3.939020828927193,243.26624399999997,HBN,20.272187,O17
sub-NDARHC083LM6,-0.13696836681200142,0.00999000999000999,-2.676236520028597,136.654344,HBN,11.387862,10-12
sub-NDARHC462NGR,0.1831667057015429,0.000999000999000999,3.9152766349844432,105.739896,HBN,8.811658,8-10
sub-NDARHC814ZZL,7.340384391712084e-05,1.0,0.04846167213487535,203.414088,HBN,16.951173999999998,15-17
sub-NDARHD017XEU,-0.10099500028999185,0.04195804195804196,-1.9793401750727575,105.6783,HBN,8.806524999999999,8-10
sub-NDARHD276TYX,-0.0321545579017674,0.5524475524475524,-0.6478520409751923,158.376444,HBN,13.198037,12-15
sub-NDARHD931FNA,0.14251571533684831,0.003996003996003996,2.911200869874139,85.40862,HBN,7.117385,U08
sub-NDARHE772FWW,-0.07765069769062673,0.13286713286713286,-1.5028065498815109,166.124568,HBN,13.843714,12-15
sub-NDARHF150FDY,-0.14987142147549656,0.002997002997002997,-2.93896146361435,164.087604,HBN,13.673967,12-15
sub-NDARHG065YHQ,0.0348740516502203,0.5144855144855145,0.6653759494202554,199.73990399999997,HBN,16.644992,15-17
sub-NDARHG152GZC,-0.06786524366611033,0.17682317682317683,-1.3756723381575695,207.133464,HBN,17.261122,15-17
sub-NDARHG260BM9,0.09125668565613604,0.07792207792207792,1.8957874136019464,99.134832,HBN,8.261236,8-10
sub-NDARHH654ZF9,-0.023263107477217552,0.6493506493506493,-0.47166445903618054,125.253924,HBN,10.437827,10-12
sub-NDARHH757RT9,0.020928899878904034,0.6793206793206793,0.3950597697817232,195.075972,HBN,16.256331,15-17
sub-NDARHH802DBM,-0.04834849740095664,0.33966033966033965,-1.0019038046019457,162.548928,HBN,13.545744,12-15
sub-NDARHJ034LDM,0.05948443835246649,0.23476523476523475,1.2543547786099367,168.299784,HBN,14.024982,15-17
sub-NDARHJ830RXD,0.34558290079856596,0.000999000999000999,6.799995461535523,101.867208,HBN,8.488934,8-10
sub-NDARHL164JHH,-0.13203298435807137,0.01098901098901099,-2.747051775324905,227.76590400000003,HBN,18.980492,O17
sub-NDARHM611GDR,-0.09272517022013163,0.056943056943056944,-1.8699448477381087,149.797392,HBN,12.483116,12-15
sub-NDARHN911CNJ,0.04431426240184674,0.36363636363636365,0.9654362661690457,115.266252,HBN,9.605521,8-10
sub-NDARHP841RMR,-0.21833820268836462,0.000999000999000999,-4.105513006246075,257.787816,HBN,21.482318000000003,O17
sub-NDARHR372GJ7,0.2197015978561476,0.000999000999000999,4.317097334613516,178.58316000000002,HBN,14.881930000000002,15-17
sub-NDARHR753ZKU,0.15393830542802822,0.000999000999000999,3.1887161521058225,134.911704,HBN,11.242641999999998,10-12
sub-NDARHT829KKB,0.04553820950482106,0.3626373626373626,0.8804923319739842,145.17042,HBN,12.097535,12-15
sub-NDARHW158PPR,0.11264370779040037,0.029970029970029972,2.2487356808332213,171.80834399999998,HBN,14.317361999999997,15-17
sub-NDARHW968ABB,-0.10556874344466656,0.04295704295704296,-2.1087392544507093,99.791916,HBN,8.315993,8-10
sub-NDARHX934KJ5,-0.19342418251339788,0.000999000999000999,-3.9609539730825785,208.15193999999997,HBN,17.345995,15-17
sub-NDARHX963YU1,-0.05741732321039904,0.25274725274725274,-1.084931349766413,115.331964,HBN,9.610997,8-10
sub-NDARHY676RYH,-0.0958829141670503,0.057942057942057944,-1.9411103250010784,140.76111600000002,HBN,11.730093000000002,10-12
sub-NDARHZ500ZNT,0.14983292444316146,0.001998001998001998,3.05283608780516,153.186852,HBN,12.765571,12-15
sub-NDARHZ923PAH,-0.11747947793812445,0.017982017982017984,-2.390982362207993,138.501024,HBN,11.541752,10-12
sub-NDARJ257ZU2,-0.2053786977876391,0.000999000999000999,-4.143750552789027,136.787124,HBN,11.398927,10-12
sub-NDARJA262HTY,-0.0935362932796104,0.061938061938061936,-1.807922363172233,200.069808,HBN,16.672484,15-17
sub-NDARJA356XHT,0.17373146814994486,0.000999000999000999,3.440198175206893,152.687196,HBN,12.723933,12-15
sub-NDARJA788CH7,-0.012882865322148242,0.7892107892107892,-0.2547746929971008,191.455164,HBN,15.954597,15-17
sub-NDARJA959GNZ,0.11233035093019329,0.028971028971028972,2.2234973891478265,174.312108,HBN,14.526009,15-17
sub-NDARJB233RL7,-0.27589669119865634,0.000999000999000999,-5.43721628914957,119.247084,HBN,9.937257,8-10
sub-NDARJB236XDY,0.1697576106829014,0.001998001998001998,3.491620773784756,154.303896,HBN,12.858658,12-15
sub-NDARJB501MJL,-0.04589861964966495,0.34065934065934067,-0.9169310596106934,185.444208,HBN,15.453684,15-17
sub-NDARJC010YYF,0.20175548965724396,0.000999000999000999,4.097024427061229,182.689932,HBN,15.224161,15-17
sub-NDARJC399UW7,-0.15389477872883675,0.001998001998001998,-3.146449492075759,84.751536,HBN,7.062628,U08
sub-NDARJE686DJL,0.06701574660752577,0.18081918081918083,1.3771870255033913,91.086924,HBN,7.590577,U08
sub-NDARJF322BN4,0.06354559931346024,0.1968031968031968,1.308491517454865,197.210124,HBN,16.434177000000002,15-17
sub-NDARJF517HC8,-0.03702192683002385,0.4595404595404595,-0.7518677558653958,125.058168,HBN,10.421514,10-12
sub-NDARJG298YVA,0.19662706680685899,0.000999000999000999,3.8296767336789848,157.062276,HBN,13.088523,12-15
sub-NDARJG738WY6,0.0024858423375365276,0.964035964035964,0.050622439754210026,124.235448,HBN,10.352954,10-12
sub-NDARJG740PM8,-0.1695033772204424,0.002997002997002997,-3.383959252722118,220.36824,HBN,18.36402,O17
sub-NDARJH367WKY,-0.13199984007368196,0.005994005994005994,-2.731279533218969,178.778916,HBN,14.898243,15-17
sub-NDARJH492TVW,-0.08073685706728745,0.12687312687312688,-1.6221845963004708,133.07459999999998,HBN,11.089549999999997,10-12
sub-NDARJH910CGX,0.11168366343690404,0.023976023976023976,2.209139857054521,149.99862000000002,HBN,12.499885,12-15
sub-NDARJJ173BRX,0.006942759162781399,0.8901098901098901,0.19209500492717452,103.338804,HBN,8.611566999999999,8-10
sub-NDARJJ277JP3,0.07968520993697308,0.11988011988011989,1.5991228834448747,148.613268,HBN,12.384439,12-15
sub-NDARJK147LNJ,0.08720420553480522,0.0939060939060939,1.7286381517731464,92.340852,HBN,7.6950709999999996,U08
sub-NDARJL303FKR,0.16092694886271414,0.000999000999000999,3.2884137514678073,162.418884,HBN,13.534906999999999,12-15
sub-NDARJL861WTP,0.13161008236998042,0.005994005994005994,2.637623435387202,83.529084,HBN,6.960757,U08
sub-NDARJM765EZF,0.03875669735447956,0.4195804195804196,0.7646226921810277,188.071176,HBN,15.672598,15-17
sub-NDARJM828PAL,0.3873862230275581,0.000999000999000999,7.92553785994903,74.732364,HBN,6.227697,U08
sub-NDARJR280FEJ,-0.05087231604359086,0.29270729270729273,-1.0273175073275391,103.347012,HBN,8.612251,8-10
sub-NDARJR437DJH,0.17911068901234795,0.002997002997002997,3.5671564579368042,148.35044399999998,HBN,12.362536999999998,12-15
sub-NDARJR473HXT,-0.06988039568042732,0.16483516483516483,-1.4116167456037714,107.381244,HBN,8.948437,8-10
sub-NDARJT064LRE,0.05634657377358316,0.26373626373626374,1.0967037829421133,209.722104,HBN,17.476842,15-17
sub-NDARJT588ZAX,0.11235416727764963,0.02197802197802198,2.306278636742907,93.9822,HBN,7.83185,U08
sub-NDARJV062AM0,0.14907637165437332,0.000999000999000999,2.8805123809743716,114.80629199999998,HBN,9.567191,8-10
sub-NDARJW072UJ3,0.11115805636161835,0.03296703296703297,2.1727381605810776,131.404512,HBN,10.950376,10-12
sub-NDARJW503GA0,0.2992616433451745,0.000999000999000999,5.931454332327002,88.91718,HBN,7.409765,U08
sub-NDARJX121GKP,-0.22346234183076108,0.000999000999000999,-4.414855967232485,142.70088,HBN,11.89174,10-12
sub-NDARJX258XF0,-0.06510784170493712,0.18281718281718282,-1.3661620442103015,105.672816,HBN,8.806068,8-10
sub-NDARJZ274PRQ,0.23375668524224222,0.000999000999000999,4.477990838817729,117.137568,HBN,9.761464,8-10
sub-NDARJZ526HN3,0.019908719301165615,0.6943056943056943,0.37413169154564857,151.01162399999998,HBN,12.584302,12-15
sub-NDARJZ888UX6,-0.17922450927048397,0.001998001998001998,-3.387930387690181,124.833672,HBN,10.402806,10-12
sub-NDARKB290YNY,-0.10153856050454868,0.03196803196803197,-2.086759803798577,110.436684,HBN,9.203057,8-10
sub-NDARKB614KGY,-0.14021077136051793,0.006993006993006993,-2.7777088958512035,127.81656,HBN,10.65138,10-12
sub-NDARKD064EVC,0.0036311019397924304,0.948051948051948,0.07172850203109044,167.241612,HBN,13.936801,12-15
sub-NDARKF442GZ5,-0.0010707743592790657,0.981018981018981,-0.051739821000042416,135.77412,HBN,11.31451,10-12
sub-NDARKF779EK2,-0.0431880821432257,0.37362637362637363,-0.9329532750675077,112.80218399999998,HBN,9.400182,8-10
sub-NDARKF909WM5,-0.18608066426338174,0.000999000999000999,-3.734884235654633,139.64544,HBN,11.637120000000001,10-12
sub-NDARKG697CEW,-0.3105419987842659,0.000999000999000999,-6.287031453845453,228.744684,HBN,19.062057,O17
sub-NDARKG859AGN,-0.13030332557227597,0.006993006993006993,-2.5678500756136664,168.294312,HBN,14.024526,15-17
sub-NDARKH168MC1,-0.005548303852874482,0.916083916083916,-0.10021859263530847,161.460636,HBN,13.455053,12-15
sub-NDARKH171DG8,-0.19929186889249623,0.000999000999000999,-4.003480874972655,175.685136,HBN,14.640428,15-17
sub-NDARKH944KVE,-0.22656632786668307,0.000999000999000999,-4.40470935131958,120.891168,HBN,10.074264,10-12
sub-NDARKJ546WWQ,-0.0013937249982946729,0.977022977022977,-0.0032931507007476143,162.287472,HBN,13.523956,12-15
sub-NDARKK392ZX2,0.17914271294069573,0.000999000999000999,3.6119660671226286,106.231344,HBN,8.852612,8-10
sub-NDARKL156NJG,0.06526308629610168,0.2017982017982018,1.3101869886554982,111.22518,HBN,9.268765,8-10
sub-NDARKL327YDQ,-0.2392743596219678,0.000999000999000999,-4.708593529489294,192.1848,HBN,16.0154,15-17
sub-NDARKM497VKX,0.025351713712225468,0.6333666333666333,0.4982835333802724,94.239552,HBN,7.853296,U08
sub-NDARKM784VA7,-0.048987645705162015,0.3246753246753247,-0.9341815661297544,250.1013,HBN,20.841775000000002,O17
sub-NDARKN477EBH,0.026428558475379685,0.6143856143856143,0.5471004019731563,156.70225200000002,HBN,13.058521,12-15
sub-NDARKN633WZA,-0.08745165286546827,0.1048951048951049,-1.658388017557609,237.51813600000003,HBN,19.793178,O17
sub-NDARKN988BRP,0.3549813217099476,0.000999000999000999,7.11786760200106,121.24572,HBN,10.103810000000001,10-12
sub-NDARKP893TWU,0.20450372544559228,0.000999000999000999,4.106203762004308,102.558516,HBN,8.546543,8-10
sub-NDARKT540ZW0,0.2073359172743135,0.000999000999000999,4.206598795340062,96.966456,HBN,8.080537999999999,8-10
sub-NDARKT714TXR,0.01224025482955886,0.8141858141858141,0.2554814669527585,121.809708,HBN,10.150809,10-12
sub-NDARKV353MTD,0.15164276730339576,0.001998001998001998,2.9224328271457165,121.186848,HBN,10.098904,10-12
sub-NDARKV461KGZ,-0.06371627239539088,0.20679320679320679,-1.2760369359081665,207.16495200000003,HBN,17.263746,15-17
sub-NDARKV807EMJ,-0.09447718629427852,0.04695304695304695,-1.926924569370671,153.40999200000002,HBN,12.784166,12-15
sub-NDARKW010CT2,-0.03527021455023875,0.4785214785214785,-0.6999398672901396,119.87268,HBN,9.98939,8-10
sub-NDARKW383ZPF,0.24055501929982295,0.000999000999000999,4.999994108316882,116.947296,HBN,9.745607999999999,8-10
sub-NDARKX665ZD3,-0.056113608867197316,0.27172827172827174,-1.0374257953465542,205.490748,HBN,17.124229,15-17
sub-NDARKX788PHG,-0.0760541172095841,0.12887112887112886,-1.5314811939157054,151.11156,HBN,12.59263,12-15
sub-NDARKZ312XR1,-0.11605108688234908,0.013986013986013986,-2.3924606188252056,203.054064,HBN,16.921172000000002,15-17
sub-NDARKZ634RVX,-0.1789246939098525,0.001998001998001998,-3.607103187365586,158.536608,HBN,13.211384,12-15
sub-NDARLB162XP2,-0.11909218905284501,0.013986013986013986,-2.414815282558067,77.483904,HBN,6.456992,U08
sub-NDARLB291FBV,-0.02673140119803258,0.5874125874125874,-0.4894244204843962,175.166316,HBN,14.597192999999999,15-17
sub-NDARLB547HJD,0.2165044838734231,0.000999000999000999,4.243338203855923,200.062968,HBN,16.671914,15-17
sub-NDARLC770YL9,0.15596041599327384,0.004995004995004995,3.20790886635297,109.950708,HBN,9.162559,8-10
sub-NDARLE335PRN,-0.021723142183890612,0.6583416583416584,-0.4350581879447042,190.995204,HBN,15.916267,15-17
sub-NDARLE554GYT,0.09657097426044878,0.04995004995004995,1.9379374490625072,201.41136,HBN,16.78428,15-17
sub-NDARLF446MT5,-0.13313286594384047,0.007992007992007992,-2.6805914632244265,108.078024,HBN,9.006502,8-10
sub-NDARLF480DMW,0.09091635433908389,0.06993006993006994,1.8071088900425376,125.74674,HBN,10.478895,10-12
sub-NDARLG154ZA3,-0.10373449780810126,0.03396603396603397,-2.0478908699335054,196.876104,HBN,16.406342,15-17
sub-NDARLK690ZK9,0.039267404834218415,0.4255744255744256,0.8149256806679324,119.438736,HBN,9.953228000000001,8-10
sub-NDARLL626XFF,-0.16823736616456098,0.002997002997002997,-3.367872756512245,134.32853999999998,HBN,11.194044999999997,10-12
sub-NDARLL720BGU,0.18799296862887263,0.000999000999000999,3.7752902737951937,78.962352,HBN,6.580196,U08
sub-NDARLL790WLF,0.2804799518159774,0.000999000999000999,5.5326944653530905,91.381236,HBN,7.615103,U08
sub-NDARLL894HC3,-0.4429585010771839,0.000999000999000999,-8.907421449739303,215.871312,HBN,17.989276,15-17
sub-NDARLL968KK1,-0.07839023312556197,0.1018981018981019,-1.6562708909906094,182.814504,HBN,15.234542,15-17
sub-NDARLM196YRG,0.03719423280979347,0.42957042957042957,0.7464704259161219,128.611908,HBN,10.717659,10-12
sub-NDARLN749FML,0.09488190092315885,0.06793206793206794,1.8157951623037658,145.464744,HBN,12.122062,12-15
sub-NDARLR030EW6,-0.014044694913512347,0.7952047952047953,-0.27080719753613897,170.79670800000002,HBN,14.233059000000003,15-17
sub-NDARLR083PKF,0.10753520430661777,0.03696303696303696,2.0777363632997,212.48322,HBN,17.706934999999998,15-17
sub-NDARLT314TWP,-0.08814923077151121,0.08191808191808192,-1.8508282819490682,178.149204,HBN,14.845767,15-17
sub-NDARLU939YX4,-0.25311662097957244,0.000999000999000999,-5.148192587660302,163.726212,HBN,13.643851,12-15
sub-NDARLY483UNZ,0.14866629504488735,0.002997002997002997,2.9107839957896315,185.67966,HBN,15.473305000000002,15-17
sub-NDARLY687YDQ,0.05287815428120736,0.27972027972027974,1.085286118996319,202.03422,HBN,16.836185,15-17
sub-NDARLZ701LJ3,0.0329293608080113,0.5064935064935064,0.7091439468092355,159.889116,HBN,13.324093,12-15
sub-NDARMA273ZL6,-0.10197017081162439,0.04395604395604396,-1.9925506856040265,109.713888,HBN,9.142824,8-10
sub-NDARMA449YB6,-0.14887961775294267,0.003996003996003996,-3.0054260294964577,139.2156,HBN,11.6013,10-12
sub-NDARMA584EM0,-0.03424968716463508,0.4975024975024975,-0.6877340366223629,103.997256,HBN,8.666438,8-10
sub-NDARMB216LA6,0.1868701761951289,0.000999000999000999,3.6604307656115225,180.253248,HBN,15.021104000000001,15-17
sub-NDARMC759CX3,0.07413323077541079,0.14085914085914086,1.5105952867784724,127.854888,HBN,10.654574,10-12
sub-NDARMF116AFR,-0.30269797660462355,0.000999000999000999,-5.932389233076311,206.114988,HBN,17.176249000000002,15-17
sub-NDARMG263JRX,0.02113396994082402,0.6713286713286714,0.4358328730925128,104.588628,HBN,8.715719,8-10
sub-NDARMJ219AKU,-0.13640111017901593,0.002997002997002997,-2.8030597437274625,152.754276,HBN,12.729523,12-15
sub-NDARMK046ZRK,-0.12191109820710729,0.014985014985014986,-2.474285855073024,119.305944,HBN,9.942162,8-10
sub-NDARMK100DJR,0.34955424746297065,0.000999000999000999,7.01397167481724,91.815192,HBN,7.651266,U08
sub-NDARMK825WAX,-0.018249915472962324,0.7082917082917083,-0.3541038915433956,141.753588,HBN,11.812799,10-12
sub-NDARMM486AJU,-0.001251152439350968,0.983016983016983,-0.02955724448298826,113.53182,HBN,9.460984999999999,8-10
sub-NDARMN043YKC,-0.0211875643287783,0.6723276723276723,-0.45302884270062954,137.707044,HBN,11.475586999999999,10-12
sub-NDARMN695VFH,-0.09787862022005356,0.06293706293706294,-1.8613774930557991,196.974672,HBN,16.414556,15-17
sub-NDARMV319CAT,-0.3071261603504165,0.000999000999000999,-6.220867148846693,245.5989,HBN,20.466575,O17
sub-NDARMV605LGH,-0.1687333521793795,0.000999000999000999,-3.4017217871364616,172.900752,HBN,14.408396000000002,15-17
sub-NDARMY873XG5,-0.11279091249271346,0.023976023976023976,-2.2687223891835524,184.956876,HBN,15.413072999999999,15-17
sub-NDARMZ477MNH,-0.12393815889887504,0.012987012987012988,-2.4562669326414914,100.585896,HBN,8.382158,8-10
sub-NDARNB427ARE,-0.04355405569292137,0.3676323676323676,-0.8599634914766852,194.31347999999997,HBN,16.19279,15-17
sub-NDARND085WZK,-0.2203962162091139,0.000999000999000999,-4.481903894108206,130.577676,HBN,10.881473,10-12
sub-NDARNE758RD6,0.3567273258094681,0.000999000999000999,7.296691298709154,132.193008,HBN,11.016084,10-12
sub-NDARNF873FCV,-0.32615068828546984,0.000999000999000999,-6.558991946000787,204.85967999999997,HBN,17.07164,15-17
sub-NDARNH147WGN,0.3241694092341621,0.000999000999000999,6.384180521812868,97.657764,HBN,8.138147,8-10
sub-NDARNH285EWA,-0.018129936953617615,0.6733266733266733,-0.4148227896028457,129.694728,HBN,10.807894,10-12
sub-NDARNJ633HHX,0.1948684771370588,0.000999000999000999,3.9705495630264838,203.118408,HBN,16.926534,15-17
sub-NDARNK740ZVM,0.05202310923207191,0.30569430569430567,1.047882387462996,140.73511200000002,HBN,11.727926000000002,10-12
sub-NDARNL587LVL,0.02706917032466829,0.5804195804195804,0.5321989933345105,172.171104,HBN,14.347592,15-17
sub-NDARNN142WYB,0.05870052464100386,0.25774225774225773,1.1898174613705217,84.882948,HBN,7.073579,U08
sub-NDARNN218UGY,0.0029044963235292883,0.9560439560439561,0.04729418668614926,163.43736,HBN,13.61978,12-15
sub-NDARNN624AMU,0.21391471366251766,0.000999000999000999,4.3002195422665865,171.256668,HBN,14.271389,15-17
sub-NDARNN761ZPA,-0.004068826860042333,0.9340659340659341,-0.11096717120205557,147.765912,HBN,12.313825999999999,12-15
sub-NDARNT151UN1,0.07038402411857955,0.16483516483516483,1.3699064323603223,78.10814400000001,HBN,6.509012000000001,U08
sub-NDARNX223DY3,-0.0592899690840166,0.22077922077922077,-1.2092138383256041,101.434632,HBN,8.452886,8-10
sub-NDARNX477HZ4,-0.0967249502041597,0.053946053946053944,-1.9792376347876515,108.272412,HBN,9.022701,8-10
sub-NDARNY205RK8,0.0966593919838933,0.057942057942057944,1.8987813399668432,113.563308,HBN,9.463609,8-10
sub-NDARNY419GR2,0.04041575270096205,0.4025974025974026,0.8015023679937326,177.794652,HBN,14.816221,15-17
sub-NDARNZ084JVC,0.11639026301366551,0.01898101898101898,2.4017735981787447,157.52223600000002,HBN,13.126853000000002,12-15
sub-NDARNZ141GNH,-0.08703190199179789,0.08591408591408592,-1.6751845233825018,154.855572,HBN,12.904631,12-15
sub-NDARPE752VYE,0.04241662131751925,0.3836163836163836,0.8539127508299931,89.84394,HBN,7.486995,U08
sub-NDARPE830YU0,0.048476720336697726,0.3546453546453546,0.9185259204301062,129.983568,HBN,10.831964,10-12
sub-NDARPF362VH8,0.37189987754729065,0.000999000999000999,7.454320819160853,98.220396,HBN,8.185032999999999,8-10
sub-NDARPF459CME,0.11075869428940367,0.027972027972027972,2.1736011543324216,129.104712,HBN,10.758726000000001,10-12
sub-NDARPF682GDC,0.18688094568881222,0.001998001998001998,3.6464039003814546,167.938392,HBN,13.994866,12-15
sub-NDARPF937BDQ,-0.27354218486539944,0.000999000999000999,-5.521423462356871,122.986992,HBN,10.248916,10-12
sub-NDARPH567WUB,0.19833657484736353,0.000999000999000999,3.9638349329474365,154.236816,HBN,12.853068,12-15
sub-NDARPJ502KEH,-0.06753693443186201,0.18081918081918083,-1.388055760909995,228.587268,HBN,19.048939,O17
sub-NDARPL215MTH,-0.050419422371349075,0.3086913086913087,-1.0244477821310927,123.579732,HBN,10.298311,10-12
sub-NDARPL479LHN,-0.08440023272332275,0.09290709290709291,-1.7054648115637052,96.046536,HBN,8.003878,8-10
sub-NDARPL598MVU,-0.18345413023114857,0.000999000999000999,-3.6967251861505064,80.242296,HBN,6.686858,U08
sub-NDARPM105MKA,0.39816985017268663,0.000999000999000999,7.759059910559103,112.184796,HBN,9.348733000000001,8-10
sub-NDARPN886HH9,0.06500732074454649,0.18981018981018982,1.3003458365726352,262.788492,HBN,21.899041,O17
sub-NDARPU329MDJ,0.11118058202988797,0.03196803196803197,2.19150841524159,111.060912,HBN,9.255076,8-10
sub-NDARPV009TYX,0.21963603364855813,0.000999000999000999,4.468306919058146,74.435316,HBN,6.202943,U08
sub-NDARPV412JEN,0.2647722137639911,0.000999000999000999,5.0811224496072676,180.22176,HBN,15.018479999999998,15-17
sub-NDARPX219TW0,0.10944739433105415,0.022977022977022976,2.1883165840424534,187.28952,HBN,15.607460000000001,15-17
sub-NDARPY478YM0,-0.30047253767374343,0.000999000999000999,-6.081533874042078,217.548252,HBN,18.129020999999998,O17
sub-NDARRB359CRR,0.10414521642605977,0.026973026973026972,2.1220496811597367,130.780284,HBN,10.898356999999999,10-12
sub-NDARRB901DWV,0.07055980475445242,0.13386613386613386,1.4427816149669737,163.62764399999998,HBN,13.635636999999997,12-15
sub-NDARRB942UWU,0.35299027700018504,0.000999000999000999,7.186085573622299,192.907596,HBN,16.075633,15-17
sub-NDARRC295CHW,-0.0026861287745171382,0.962037962037962,-0.07806626444756934,149.82888,HBN,12.48574,12-15
sub-NDARRG199RU4,0.4641319258070144,0.000999000999000999,9.373976033628553,134.487336,HBN,11.207278,10-12
sub-NDARRK213WCF,0.10003739353675505,0.026973026973026972,2.103016555002883,124.93086,HBN,10.410905,10-12
sub-NDARRK545WNM,-0.0822587048028455,0.0959040959040959,-1.6593498496881696,237.390828,HBN,19.782569,O17
sub-NDARRL315KV3,0.09876742304643316,0.04895104895104895,1.9785492755924483,155.158104,HBN,12.929842,12-15
sub-NDARRL379BET,-0.15026132681813528,0.003996003996003996,-3.0821662641553442,138.361392,HBN,11.530116,10-12
sub-NDARRP801AX1,0.10802419147090826,0.029970029970029972,2.1949205299247847,168.791232,HBN,14.065936,15-17
sub-NDARRP818DWL,0.24104405728037703,0.000999000999000999,4.705594524207216,164.941812,HBN,13.745151,12-15
sub-NDARRU290EZV,0.06258440821604512,0.2017982017982018,1.227744962081292,135.07734,HBN,11.256445,10-12
sub-NDARRU499DP2,-0.026222126830034352,0.5914085914085914,-0.5052469715071964,245.830248,HBN,20.485854,O17
sub-NDARRU729XRU,0.16034685842448357,0.002997002997002997,3.2048547471424977,81.793284,HBN,6.816107,U08
sub-NDARRU979UBW,0.04596518952938342,0.3836163836163836,0.9296421768296794,142.273776,HBN,11.856148,10-12
sub-NDARRV002MA8,0.28847685542290635,0.000999000999000999,5.536033017343468,112.08624,HBN,9.34052,8-10
sub-NDARRV217VTA,0.08684512404234232,0.08191808191808192,1.7082986602657013,132.25188,HBN,11.02099,10-12
sub-NDARRV688GUX,0.00229067900657736,0.967032967032967,0.08259628369178051,190.903488,HBN,15.908624000000001,15-17
sub-NDARRV837BZQ,0.09027045887942338,0.06793206793206794,1.7947616931208983,120.654336,HBN,10.054528,10-12
sub-NDARRW100AU0,-0.2723637341578334,0.000999000999000999,-5.608947787158606,92.012316,HBN,7.667693,U08
sub-NDARRW141HUT,0.01608567210089451,0.7372627372627373,0.3161052244753653,178.517448,HBN,14.876454,15-17
sub-NDARRW475MPT,0.4652756384950677,0.000999000999000999,9.24460420914089,156.57084,HBN,13.04757,12-15
sub-NDARRW536ZM2,0.2324109723733425,0.000999000999000999,4.605375504965361,204.79945200000003,HBN,17.066621,15-17
sub-NDARRW940BL6,0.124505302484906,0.016983016983016984,2.510128383991267,112.217652,HBN,9.351471,8-10
sub-NDARRX897XV1,-0.22610904460916537,0.000999000999000999,-4.4041010043432,142.633812,HBN,11.886151,10-12
sub-NDARRY280KNW,0.05654811914480332,0.23676323676323677,1.1174840029498794,95.396292,HBN,7.9496910000000005,U08
sub-NDARRZ927VC3,0.06255654428513949,0.22677322677322678,1.1726976751716982,98.976036,HBN,8.248002999999999,8-10
sub-NDARTB203DU7,-0.17194748141966623,0.001998001998001998,-3.398642457675645,78.536616,HBN,6.544718,U08
sub-NDARTC795CR3,-0.2107067156863409,0.000999000999000999,-4.270102895532772,177.986304,HBN,14.832192,15-17
sub-NDARTE432ZRH,0.02251482688420005,0.6753246753246753,0.464660214126562,114.845988,HBN,9.570499,8-10
sub-NDARTE553VC1,-0.10392491254524976,0.04195804195804196,-2.0809236778731575,163.14168,HBN,13.59514,12-15
sub-NDARTF566PYH,-0.06614957229868162,0.18581418581418582,-1.3431271006805663,111.389448,HBN,9.282454,8-10
sub-NDARTF781TM8,0.05342604131024401,0.25774225774225773,1.0331142942835936,169.385352,HBN,14.115446,15-17
sub-NDARTG937LDA,-0.032828882451550245,0.5194805194805194,-0.6787003245550823,167.04996,HBN,13.92083,12-15
sub-NDARTJ433TB5,-0.1103867374436801,0.025974025974025976,-2.3294963035440888,155.97261600000002,HBN,12.997718,12-15
sub-NDARTJ862ENU,-0.18192590376298098,0.000999000999000999,-3.790431419108458,173.549616,HBN,14.462468,15-17
sub-NDARTN173MXV,0.11079875870971255,0.03196803196803197,2.24207053922612,92.568096,HBN,7.714008,U08
sub-NDARTN760YH8,-0.08861001703455532,0.07492507492507493,-1.8151023981610284,261.835728,HBN,21.819644,O17
sub-NDARTP022VL6,0.06433918860087096,0.18181818181818182,1.312972679988463,151.806972,HBN,12.650581,12-15
sub-NDARTR175UDC,-0.219192937568469,0.000999000999000999,-4.101247516420235,150.0,HBN,12.5,12-15
sub-NDARTU280GKF,-0.10032405873025096,0.04695304695304695,-1.9635479342202478,95.100612,HBN,7.925051,U08
sub-NDARTV480WBU,-0.05861718862701063,0.2517482517482518,-1.128801857348586,125.720736,HBN,10.476728,10-12
sub-NDARTW850GHU,-0.1315782248237051,0.015984015984015984,-2.688132464687423,184.036956,HBN,15.336413,15-17
sub-NDARTX575YBU,0.29059895543052006,0.000999000999000999,5.831328844932928,90.335376,HBN,7.527947999999999,U08
sub-NDARTX659HAF,-0.1100213813119739,0.028971028971028972,-2.271834080011377,196.158792,HBN,16.346566,15-17
sub-NDARTY225EWV,-0.05002793355002263,0.3026973026973027,-1.0150450707224048,94.208076,HBN,7.8506730000000005,U08
sub-NDARUA745NA8,-0.08806409150556205,0.07992007992007992,-1.7733074570831568,111.946608,HBN,9.328884,8-10
sub-NDARUA832MYV,0.262536164945881,0.000999000999000999,5.171705945370002,192.48049199999997,HBN,16.040041,15-17
sub-NDARUC851WHU,-0.023611431914151736,0.6373626373626373,-0.46475058093473326,212.874732,HBN,17.739561,15-17
sub-NDARUF540ZJ1,-0.025436921407847958,0.5824175824175825,-0.497218096120869,209.367552,HBN,17.447295999999998,15-17
sub-NDARUG091CY1,0.11020101789400008,0.025974025974025976,2.219762661657032,109.227924,HBN,9.102327,8-10
sub-NDARUH536DUK,-0.2623767573473677,0.000999000999000999,-5.459835398778167,172.33948800000002,HBN,14.361624,15-17
sub-NDARUJ292JXV,0.041226992311131236,0.3886113886113886,0.8424680041678978,155.906904,HBN,12.992242,12-15
sub-NDARUK101YT3,0.2043450825312409,0.000999000999000999,4.082967233567322,134.459952,HBN,11.204996,10-12
sub-NDARUL290YKN,-0.15843861809773085,0.002997002997002997,-3.0177208023064406,95.593428,HBN,7.966119,U08
sub-NDARUL694GYN,-0.10116315073582592,0.04795204795204795,-1.9768823546478778,135.471588,HBN,11.289299,10-12
sub-NDARUM791WPF,-0.12539682570310573,0.02097902097902098,-2.4549758044846204,243.297732,HBN,20.274811,O17
sub-NDARUP249AMD,0.1877334924525374,0.000999000999000999,3.7337763091909992,157.121148,HBN,13.093429,12-15
sub-NDARUR987CDM,0.41996313451597506,0.000999000999000999,8.744119215129093,152.06296799999998,HBN,12.671914,12-15
sub-NDARUT891XYJ,-0.3769865303150398,0.000999000999000999,-7.500830066407346,211.036272,HBN,17.586356,15-17
sub-NDARUU615WPR,0.060556248675534385,0.22077922077922077,1.274421363706634,96.572208,HBN,8.047684,8-10
sub-NDARUV041YCY,-0.042017123436034205,0.4075924075924076,-0.8091035505316816,80.316216,HBN,6.6930179999999995,U08
sub-NDARUV263YB5,-0.08253476151904338,0.1018981018981019,-1.6835380657654564,184.81998,HBN,15.401665,15-17
sub-NDARUW206XUG,0.13957174803988892,0.00999000999000999,2.7308202635532854,179.53592400000002,HBN,14.961327000000002,15-17
sub-NDARUX187JTB,0.010674917305456853,0.8441558441558441,0.19857499341931903,128.15058,HBN,10.679215,10-12
sub-NDARUX408KJ1,-0.06041684616149978,0.2127872127872128,-1.2875732220956468,169.344276,HBN,14.112023,15-17
sub-NDARUX885LMW,0.10788946634779195,0.03696303696303696,2.0774475082811383,129.886368,HBN,10.823864,10-12
sub-NDARUZ368BT4,0.048028139106542134,0.33966033966033965,1.0002390577770683,96.447636,HBN,8.037303,8-10
sub-NDARVB151GXF,-0.10104002883239671,0.04695304695304695,-2.0244220390312617,87.805608,HBN,7.317134,U08
sub-NDARVB587ECK,-0.12129120615045492,0.01098901098901099,-2.44354125001683,103.342908,HBN,8.611908999999999,8-10
sub-NDARVB897AH1,-0.04128683203789148,0.4015984015984016,-0.8280752581930241,177.590688,HBN,14.799224,15-17
sub-NDARVC195NLH,-0.15129881017910576,0.000999000999000999,-3.222809969022863,203.419572,HBN,16.951631,15-17
sub-NDARVC673HFA,0.17993954483243257,0.000999000999000999,3.5231521145784086,120.227232,HBN,10.018936,10-12
sub-NDARVD495YP9,0.22707968201483547,0.000999000999000999,4.507815223729599,92.763852,HBN,7.730321,U08
sub-NDARVF159VP9,-0.11987811589854556,0.023976023976023976,-2.3202439867073883,122.171112,HBN,10.180926,10-12
sub-NDARVG127VW5,0.09677067854895867,0.060939060939060936,1.922309718149018,185.837088,HBN,15.486424,15-17
sub-NDARVG132NF6,-0.07937260837915087,0.11688311688311688,-1.5193971931244674,108.631068,HBN,9.052589,8-10
sub-NDARVG808PKQ,0.03277797832747433,0.5014985014985015,0.7214286995831458,118.754268,HBN,9.896189,8-10
sub-NDARVL190JA8,-0.0011647959392910882,0.977022977022977,-0.03517914981300299,182.093076,HBN,15.174422999999999,15-17
sub-NDARVL697YGK,-0.04934456646894514,0.3176823176823177,-1.0144622700405495,149.670084,HBN,12.472507,12-15
sub-NDARVN280JTN,-0.0989753241601419,0.04995004995004995,-2.040885718432217,147.241608,HBN,12.270134,12-15
sub-NDARVN363NNQ,0.11399578481779761,0.02097902097902098,2.279771256967197,112.677612,HBN,9.389801,8-10
sub-NDARVU416CR6,0.04694351898112546,0.38961038961038963,0.9141038302289377,117.69609599999998,HBN,9.808008,8-10
sub-NDARVX111CNA,-0.06525149560048311,0.2057942057942058,-1.225194133688135,117.894588,HBN,9.824549,8-10
sub-NDARVX547MA0,-0.2246315513697289,0.000999000999000999,-4.483852386437262,201.088284,HBN,16.757357,15-17
sub-NDARVY378DFK,0.02635868318845799,0.5994005994005994,0.49457664317587696,126.574944,HBN,10.547912,10-12
sub-NDARVY938WR6,-0.2817500372518806,0.000999000999000999,-5.481553930043041,199.96576799999997,HBN,16.663814,15-17
sub-NDARWA351ZE2,0.11059810116661471,0.01898101898101898,2.2494554369774398,84.876108,HBN,7.073009,U08
sub-NDARWA433WYZ,0.10095592780725363,0.03896103896103896,2.047260391824938,157.25529600000002,HBN,13.104608,12-15
sub-NDARWA513WM2,0.18213193046401518,0.000999000999000999,3.636111603914469,175.325112,HBN,14.610425999999999,15-17
sub-NDARWC399JLD,-0.13643823401070956,0.00999000999000999,-2.708459398151387,129.630384,HBN,10.802532,10-12
sub-NDARWD911WBU,0.025160014857281986,0.5904095904095904,0.5248285083125388,72.91580400000001,HBN,6.076317,U08
sub-NDARWE818UA6,0.05202158554295239,0.3066933066933067,1.024722477053333,193.00478400000003,HBN,16.083732,15-17
sub-NDARWE898TG8,-0.22155259783528483,0.000999000999000999,-4.424384584192181,173.61532799999998,HBN,14.467943999999997,15-17
sub-NDARWG549LCF,-0.048244726886721157,0.3336663336663337,-0.980946184034693,111.357972,HBN,9.279831,8-10
sub-NDARWH779MZ2,0.24225056634280578,0.000999000999000999,4.960340352461356,96.637908,HBN,8.053158999999999,8-10
sub-NDARWJ414WB8,-0.09953333564427529,0.04995004995004995,-2.0144689514848704,141.362076,HBN,11.780173,10-12
sub-NDARWN709HA2,-0.07999124489196022,0.09290709290709291,-1.6333647902090214,108.439416,HBN,9.036617999999999,8-10
sub-NDARWP732GD1,-0.16890475608145714,0.001998001998001998,-3.464737877446919,192.539352,HBN,16.044946,15-17
sub-NDARWR247CE1,0.11418929935025278,0.023976023976023976,2.398417092608372,197.960292,HBN,16.496691000000002,15-17
sub-NDARWV405ZW0,0.2569774475316881,0.000999000999000999,5.284148823621449,122.067072,HBN,10.172255999999999,10-12
sub-NDARWX605LAD,0.2576302092384807,0.000999000999000999,5.233436012955306,113.623536,HBN,9.468628,8-10
sub-NDARWY718TY7,0.12934685505180518,0.011988011988011988,2.5690661582105947,141.911016,HBN,11.825918,10-12
sub-NDARXE193CZ1,0.35201599719951376,0.000999000999000999,7.058956711089517,102.454476,HBN,8.537873,8-10
sub-NDARXG961UAB,-0.036041057923101714,0.4785214785214785,-0.6874187807749864,156.59958,HBN,13.049965,12-15
sub-NDARXL697DA6,0.3259666763562666,0.000999000999000999,6.644394341677142,101.377128,HBN,8.448094,8-10
sub-NDARXL801JVG,0.2060156713953585,0.000999000999000999,4.073346493608463,99.462012,HBN,8.288501,8-10
sub-NDARXR346UT5,0.19704998737586363,0.000999000999000999,3.9202533331359564,92.662548,HBN,7.721879,U08
sub-NDARXT196WPG,0.1007959342085313,0.054945054945054944,1.942019099500598,166.918548,HBN,13.909878999999998,12-15
sub-NDARXT727MD7,-0.0708784577325257,0.16683316683316685,-1.4216345541042756,209.103348,HBN,17.425279,15-17
sub-NDARXU376FDN,-0.16307879249256607,0.000999000999000999,-3.2648321585002518,149.377128,HBN,12.448094,12-15
sub-NDARXY532ZTT,0.09215972907115015,0.06593406593406594,1.8792106117498577,102.12594,HBN,8.510495,8-10
sub-NDARXZ902NFM,0.03606385739124332,0.4645354645354645,0.7379318399241712,133.047216,HBN,11.087268,10-12
sub-NDARYD585PXP,0.05896387755736239,0.23776223776223776,1.1607143663868664,185.971248,HBN,15.497604,15-17
sub-NDARYE221LZB,0.2548076655246338,0.000999000999000999,4.900846065208921,174.772068,HBN,14.564338999999999,15-17
sub-NDARYE850ZVD,-0.02998532729672262,0.5334665334665335,-0.5494496726168254,231.438732,HBN,19.286561,O17
sub-NDARYF699FW0,-0.3238443100177141,0.000999000999000999,-6.614871005673605,219.125256,HBN,18.260438,O17
sub-NDARYG988PUQ,-0.005617003576581845,0.9070929070929071,-0.14723253829710323,137.188224,HBN,11.432352,10-12
sub-NDARYH697TPA,-0.16236054952654497,0.000999000999000999,-3.2107483008105486,106.394244,HBN,8.866187,8-10
sub-NDARYM063XB8,0.010945312346333851,0.8351648351648352,0.22830819308052172,166.558512,HBN,13.879876000000001,12-15
sub-NDARYX133FFQ,0.1152700304957691,0.01998001998001998,2.26235550338168,91.74264,HBN,7.645219999999999,U08
sub-NDARYX853TAX,0.05642963474021353,0.25874125874125875,1.0989298099592806,105.901428,HBN,8.825118999999999,8-10
sub-NDARZB517KTU,-0.041783050325097625,0.4065934065934066,-0.8112178098907725,152.59548,HBN,12.71629,12-15
sub-NDARZE963MEU,-0.2162674240415907,0.000999000999000999,-4.194185621429244,183.938388,HBN,15.328199,15-17
sub-NDARZM903TNL,0.1945541663886768,0.000999000999000999,4.034202951400024,115.036272,HBN,9.586356,8-10
sub-NDARZW873DN3,0.04688155501878322,0.3826173826173826,0.8707888277588335,161.236128,HBN,13.436344,12-15
